Workbook

Sheet Trains
A1: N° origine | B1: Sens | C1: Jour | D1: Code mission | E1: Colonne1 | F1: Colonne2 | G1: Colonne3 | H1: Colonne4 | I1: Colonne5 | J1: Colonne6
A2: 146445 | B2: 0 | C2: 1 | D2: VIDE
A3: 143844 | B3: 0 | C3: 1 | D3: LARA
A4: 142446 | B4: 0 | C4: 1 | D4: SARA
A5: 192654 | B5: 0 | C5: 1 | D5: VIDE
A6: 196550 | B6: 0 | C6: Autre | D6: VIDE
A7: 146449 | B7: 0 | C7: 1 | D7: VIDE
A8: 143848 | B8: 0 | C8: 1 | D8: LARA
A9: 146143 | B9: 0 | C9: 1 | D9: VIDE
A10: 146250 | B10: 0 | C10: 1 | D10: VIDE
A11: 146145 | B11: 0 | C11: 1 | D11: VIDE
A12: 142144 | B12: 0 | C12: 1 | D12: ZORA
A13: 141243 | B13: 0 | C13: 1 | D13: JUJU
A14: 142450 | B14: 0 | C14: 1 | D14: SARA
A15: 141548 | B15: 0 | C15: 1 | D15: MONA
A16: 142246 | B16: 0 | C16: 1 | D16: VACK
A17: 146146 | B17: 0 | C17: 1 | D17: VIDE
A18: 146453 | B18: 0 | C18: 1 | D18: VIDE
... A112: 142466 | B112: 1 | C112: 1 | D112: VETO
A113: 146771 | B113: 1 | C113: Autre | D113: VIDE
A114: 142668 | B114: 1 | C114: 1 | D114: MICK
A115: 141647 | B115: 1 | C115: 1 | D115: CIME
A116: 142866 | B116: 1 | C116: 1 | D116: KOBE
A117: 143064 | B117: 1 | C117: 1 | D117: FOOT
A118: 142364 | B118: 1 | C118: 1 | D118: NICO
A119: 146167 | B119: 1 | C119: 1 | D119: VIDE
A120: 196070 | B120: 1 | C120: 1 | D120: VIDE
A121: 142162 | B121: 1 | C121: 1 | D121: GOTA
A122: 141564 | B122: 1 | C122: 1 | D122: MONA
A123: 142264 | B123: 1 | C123: 1 | D123: VACK
A124: 146469 | B124: 1 | C124: 1 | D124: VIDE
A125: 142564 | B125: 1 | C125: 1 | D125: GOTA
... A188: 143074 | B188: 1 | C188: 1 | D188: FOOT
A189: 912366 | B189: 0 | C189: 1
A190: 142374 | B190: 0 | C190: 1 | D190: LULU
A191: 149065 | B191: 0 | C191: 1 | D191: VIDE
A192: 141174 | B192: 0 | C192: 1 | D192: ROMI
A193: 142274 | B193: 0 | C193: 1 | D193: SIRI
A194: 141872 | B194: 0 | C194: 1 | D194: DEBO
A195: 141271 | B195: 0 | C195: 1 | D195: JUJU
A196: 142478 | B196: 0 | C196: 1 | D196: SARA
A197: 569176 | B197: 0 | C197: 1 | D197: VIDE
A198: 141576 | B198: 0 | C198: 1 | D198: MONA
A199: 141659 | B199: 0 | C199: 1 | D199: CIME
A200: 912368 | B200: 0 | C200: 1
A201: 142680 | B201: 0 | C201: 1 | D201: MICK
A202: 142376 | B202: 0 | C202: 1 | D202: LULU
A203: 143880 | B203: 0 | C203: 1 | D203: LARA
A204: 141071 | B204: 0 | C204: 1 | D204: FOOT
A205: 142174 | B205: 0 | C205: 1 | D205: GOTA
A206: 149067 | B206: 0 | C206: 1 | D206: VIDE
A207: 142276 | B207: 0 | C207: 1 | D207: SIRI
A208: 142576 | B208: 0 | C208: 1 | D208: NORA
A209: 141273 | B209: 0 | C209: 1 | D209: JUJU
A210: 912370 | B210: 0 | C210: 1
A211: 191067 | B211: 0 | C211: 1 | D211: VIDE
A212: 141474 | B212: 0 | C212: 1 | D212: ELBA
A213: 149288 | B213: 0 | C213: 1 | D213: VIDE
A214: 141661 | B214: 0 | C214: 1 | D214: CIME
A215: 142682 | B215: 0 | C215: 1 | D215: MICK
A216: 149772 | B216: 0 | C216: 1 | D216: VIDE
A217: 141073 | B217: 0 | C217: 1 | D217: FOOT
A218: 149069 | B218: 0 | C218: 1 | D218: VIDE
A219: 141876 | B219: 0 | C219: 1 | D219: DEBO
A220: 141178 | B220: 0 | C220: 1 | D220: ROMI
A221: 141275 | B221: 0 | C221: 1 | D221: JUJU
A222: 142482 | B222: 0 | C222: 1 | D222: SARA
A223: 142278 | B223: 0 | C223: 1 | D223: VACK
A224: 912372 | B224: 0 | C224: 1
A225: 141580 | B225: 0 | C225: 1 | D225: MONA
A226: 149564 | B226: 1 | C226: 1 | D226: VIDE
A227: 142684 | B227: 1 | C227: 1 | D227: MICK
A228: 141663 | B228: 1 | C228: 1 | D228: CIME
A229: 143884 | B229: 1 | C229: 1 | D229: LARA
A230: 149374 | B230: 1 | C230: 1 | D230: VIDE
A231: 141075 | B231: 1 | C231: 1 | D231: FOOT
A232: 149071 | B232: 1 | C232: 1 | D232: VIDE
A233: 142178 | B233: 1 | C233: 1 | D233: GOTA
A234: 142580 | B234: 1 | C234: 1 | D234: NORA
A235: 141478 | B235: 1 | C235: 1 | D235: ELBA
A236: 141277 | B236: 1 | C236: 1 | D236: JUJU
... A361: 148618 | B361: 1 | C361: 1 | D361: MICK
A362: 149916 | B362: 1 | C362: Autre | D362: VIDE
A363: 147114 | B363: 1 | C363: 1 | D363: ROMI
A364: 147211 | B364: 1 | C364: 1 | D364: JUJU
A365: 148418 | B365: 1 | C365: 1 | D365: SARA
A366: 148214 | B366: 1 | C366: 1 | D366: VACK
A367: 147516 | B367: 1 | C367: 1 | D367: MONA
A368: 145820 | B368: 1 | C368: 1 | D368: LARA
A369: 145809 | B369: 1 | C369: 1 | D369: DEBA
A370: 148114 | B370: 1 | C370: 1 | D370: GOTA
A371: 147414 | B371: 1 | C371: 1 | D371: ELBA
A372: 148516 | B372: 1 | C372: 1 | D372: NORA
A373: 147213 | B373: 0 | C373: 1 | D373: JUJU
A374: 148216 | B374: 0 | C374: 1 | D374: VACK
... A414: 148126 | B414: 0 | C414: 1 | D414: GOTA
A415: 149912 | B415: 0 | C415: Autre | D415: VIDE
A416: 147426 | B416: 0 | C416: 1 | D416: ELBA
A417: 148528 | B417: 0 | C417: 1 | D417: NORA
A418: 147225 | B418: 0 | C418: 1 | D418: JUJU
...

Sheet Arrêts
A1: N° origine | B1: Parité | C1: Jour | D1: Gare | E1: Arrivée | F1: Départ | G1: Passage | H1: Voie
A2: 142840 | B2: 0 | C2: 7 | D2: D | F2: 0.15127315 | H2: 1
A3: 142840 | B3: 0 | C3: 7 | D3: SXE | E3: 0.15428241 | F3: 0.15474537 | H3: 2
A4: 142840 | B4: 0 | C4: 7 | D4: SCW | E4: 0.15775463 | F4: 0.15821759 | H4: 2
A5: 142840 | B5: 0 | C5: 7 | D5: BRW | E5: 0.16076389 | F5: 0.16122685 | H5: 2
A6: 142840 | B6: 0 | C6: 7 | D6: BIH | E6: 0.16319444 | F6: 0.16365741 | H6: 2
A7: 142840 | B7: 0 | C7: 7 | D7: ELY | E7: 0.16574074 | F7: 0.1662037 | H7: 2
A8: 142840 | B8: 0 | C8: 7 | D8: ARP | E8: 0.16782407 | F8: 0.16828704 | H8: 2
A9: 142840 | B9: 0 | C9: 7 | D9: NG | E9: 0.17013889 | F9: 0.17060185 | H9: 2
A10: 142840 | B10: 0 | C10: 7 | D10: BY | E10: 0.17361111 | F10: 0.1744213 | H10: 6
A11: 142840 | B11: 0 | C11: 7 | D11: SHO | E11: 0.17673611 | F11: 0.17719907 | H11: 2BIS
A12: 142840 | B12: 0 | C12: 7 | D12: SXG | E12: 0.1787037 | F12: 0.17916667 | H12: 2BIS
A13: 142840 | B13: 0 | C13: 7 | D13: EYO | E13: 0.18090278 | F13: 0.18148148 | H13: 2BIS
A14: 142840 | B14: 0 | C14: 7 | D14: SAO | E14: 0.18275463 | F14: 0.18333333 | H14: 2BIS
A15: 142840 | B15: 0 | C15: 7 | D15: JY | E15: 0.18553241 | F15: 0.1869213 | H15: 2BIS
A16: 142840 | B16: 0 | C16: 7 | D16: BFM | E16: 0.19444444 | F16: 0.19513889 | H16: 2BIS
A17: 142840 | B17: 0 | C17: 7 | D17: PZB | E17: 0.19699074 | H17: 1S
A18: 142444 | B18: 0 | C18: 7 | D18: SME | F18: 0.17488426 | H18: UNIQUE
A19: 142444 | B19: 0 | C19: 7 | D19: ETP | E19: 0.17766204 | F19: 0.178125 | H19: 2BIS
A20: 142444 | B20: 0 | C20: 7 | D20: ETY | E20: 0.1818287 | F20: 0.18229167 | H20: 2BIS
A21: 142444 | B21: 0 | C21: 7 | D21: CHK | E21: 0.18402778 | F21: 0.18449074 | H21: 2BIS
A22: 142444 | B22: 0 | C22: 7 | D22: LYO | E22: 0.18645833 | F22: 0.1869213 | H22: 2BIS
A23: 142444 | B23: 0 | C23: 7 | D23: BSO | E23: 0.18877315 | F23: 0.18923611 | H23: 2BIS
A24: 142444 | B24: 0 | C24: 7 | D24: MSX | E24: 0.19143519 | F24: 0.19189815 | H24: 2BIS
A25: 142444 | B25: 0 | C25: 7 | D25: BY | E25: 0.19456019 | F25: 0.19525463 | H25: 2BIS
A26: 142444 | B26: 0 | C26: 7 | D26: SHO | E26: 0.19756944 | F26: 0.19803241 | H26: 2BIS
A27: 142444 | B27: 0 | C27: 7 | D27: SXG | E27: 0.19953704 | F27: 0.2 | H27: 2BIS
A28: 142444 | B28: 0 | C28: 7 | D28: EYO | E28: 0.20173611 | F28: 0.20231481 | H28: 2BIS
A29: 142444 | B29: 0 | C29: 7 | D29: SAO | E29: 0.20358796 | F29: 0.20416667 | H29: 2BIS
A30: 142444 | B30: 0 | C30: 7 | D30: JY | E30: 0.20636574 | F30: 0.20706019 | H30: 2BIS
... A32: 142444 | B32: 0 | C32: 7 | D32: PZB | E32: 0.21747685 | F32: 0.21805556 | H32: 2S
A33: 142444 | B33: 0 | C33: 7 | D33: SHL | E33: 0.22025463 | F33: 0.22083333 | H33: 2
A34: 142444 | B34: 0 | C34: 7 | D34: MDS | E34: 0.22303241 | H34: 1
A35: 142848 | B35: 0 | C35: 7 | D35: D | F35: 0.19293981 | H35: 1
A36: 142848 | B36: 0 | C36: 7 | D36: SXE | E36: 0.19594907 | F36: 0.19641204 | H36: 2
A37: 142848 | B37: 0 | C37: 7 | D37: SCW | E37: 0.1994213 | F37: 0.19988426 | H37: 2
A38: 142848 | B38: 0 | C38: 7 | D38: BRW | E38: 0.20243056 | F38: 0.20289352 | H38: 2
A39: 142848 | B39: 0 | C39: 7 | D39: BIH | E39: 0.20486111 | F39: 0.20532407 | H39: 2
A40: 142848 | B40: 0 | C40: 7 | D40: ELY | E40: 0.20740741 | F40: 0.20787037 | H40: 2
A41: 142848 | B41: 0 | C41: 7 | D41: ARP | E41: 0.20949074 | F41: 0.2099537 | H41: 2
A42: 142848 | B42: 0 | C42: 7 | D42: NG | E42: 0.21180556 | F42: 0.21226852 | H42: 2
A43: 142848 | B43: 0 | C43: 7 | D43: BY | E43: 0.21527778 | F43: 0.21608796 | H43: 6
A44: 142848 | B44: 0 | C44: 7 | D44: SHO | E44: 0.21840278 | F44: 0.21886574 | H44: 2BIS
A45: 142848 | B45: 0 | C45: 7 | D45: SXG | E45: 0.22037037 | F45: 0.22083333 | H45: 2BIS
A46: 142848 | B46: 0 | C46: 7 | D46: EYO | E46: 0.22256944 | F46: 0.22314815 | H46: 2BIS
A47: 142848 | B47: 0 | C47: 7 | D47: SAO | E47: 0.2244213 | F47: 0.225 | H47: 2BIS
A48: 142848 | B48: 0 | C48: 7 | D48: JY | E48: 0.22719907 | F48: 0.22858796 | H48: 2BIS
A49: 142848 | B49: 0 | C49: 7 | D49: BFM | E49: 0.23611111 | F49: 0.23680556 | H49: 2BIS
A50: 142848 | B50: 0 | C50: 7 | D50: PZB | E50: 0.23831019 | F50: 0.23888889 | H50: 2S
A51: 142848 | B51: 0 | C51: 7 | D51: SHL | E51: 0.24108796 | F51: 0.24166667 | H51: 2
A52: 142848 | B52: 0 | C52: 7 | D52: MDS | E52: 0.24386574 | H52: 1
A53: 141142 | B53: 0 | C53: 7 | D53: PRU | F53: 0.20393519 | H53: Z
A54: 141142 | B54: 0 | C54: 7 | D54: OY | E54: 0.20625 | F54: 0.20671296 | H54: 2
A55: 141142 | B55: 0 | C55: 7 | D55: LSW | E55: 0.20833333 | F55: 0.2087963 | H55: 2
A56: 141142 | B56: 0 | C56: 7 | D56: CLR | E56: 0.21087963 | F56: 0.21157407 | H56: 2T
A57: 141142 | B57: 0 | C57: 7 | D57: LAD | E57: 0.2130787 | F57: 0.21354167 | H57: 2BIS
A58: 141142 | B58: 0 | C58: 7 | D58: VY | E58: 0.21493056 | F58: 0.21539352 | H58: 2BIS
A59: 141142 | B59: 0 | C59: 7 | D59: IV | E59: 0.21678241 | F59: 0.21736111 | H59: 2BIS
A60: 141142 | B60: 0 | C60: 7 | D60: BFM | E60: 0.21886574 | F60: 0.21979167 | H60: 2BIS
A61: 141142 | B61: 0 | C61: 7 | D61: PZB | E61: 0.22164352 | H61: 1S
A62: 141146 | B62: 0 | C62: 7 | D62: MBP | F62: 0.20486111 | H62: M
A63: 141146 | B63: 0 | C63: 7 | D63: FPB | E63: 0.20706019 | F63: 0.20763889 | H63: 2
A64: 141146 | B64: 0 | C64: 7 | D64: CEJ | E64: 0.20925926 | F64: 0.20972222 | H64: 2
A65: 141146 | B65: 0 | C65: 7 | D65: ERT | E65: 0.21099537 | F65: 0.21168981 | H65: 4P
A66: 141146 | B66: 1 | C66: 7 | D66: SGT | E66: 0.21388889 | F66: 0.21435185 | H66: 1
A67: 141146 | B67: 1 | C67: 7 | D67: EYS | E67: 0.21574074 | F67: 0.2162037 | H67: 1
A68: 141146 | B68: 1 | C68: 7 | D68: GEN | E68: 0.21793981 | F68: 0.21840278 | H68: 1
A69: 141146 | B69: 1 | C69: 7 | D69: LEG | E69: 0.21967593 | F69: 0.22013889 | H69: 1
A70: 141146 | B70: 1 | C70: 7 | D70: SOS | E70: 0.22222222 | F70: 0.22291667 | H70: 1
A71: 141146 | B71: 1 | C71: 7 | D71: PCL | E71: 0.22453704 | F71: 0.22511574 | H71: 1
A72: 141146 | B72: 1 | C72: 7 | D72: PRR | E72: 0.22685185 | F72: 0.22743056 | H72: 1
A73: 141146 | B73: 1 | C73: 7 | D73: NPT | E73: 0.22881944 | F73: 0.22951389 | H73: 1
A74: 141146 | B74: 1 | C74: 7 | D74: AVF | E74: 0.23113426 | F74: 0.23159722 | H74: 1
A75: 141146 | B75: 1 | C75: 7 | D75: AHM | E75: 0.23240741 | F75: 0.23287037 | H75: 1
A76: 141146 | B76: 1 | C76: 7 | D76: BWR | E76: 0.23402778 | F76: 0.23449074 | H76: 1
A77: 141146 | B77: 1 | C77: 7 | D77: APK | E77: 0.23530093 | F77: 0.23599537 | H77: 1
... A79: 141146 | B79: 1 | C79: 7 | D79: PDM | E79: 0.23877315 | F79: 0.23923611 | H79: 1
A80: 141146 | B80: 1 | C80: 7 | D80: INV | E80: 0.24074074 | H80: 1
A81: 141243 | B81: 0 | C81: 7 | D81: VRG | F81: 0.20509259 | H81: 1
A82: 141243 | B82: 0 | C82: 7 | D82: POA | E82: 0.20740741 | F82: 0.20787037 | H82: 1
A83: 141243 | B83: 0 | C83: 7 | D83: VFG | E83: 0.20925926 | F83: 0.20972222 | H83: 1IN
A84: 141243 | B84: 0 | C84: 7 | D84: CHV | E84: 0.21064815 | F84: 0.21111111 | H84: 1
A85: 141243 | B85: 0 | C85: 7 | D85: MFY | E85: 0.21388889 | F85: 0.21435185 | H85: 1
A86: 141243 | B86: 0 | C86: 7 | D86: ISY | E86: 0.21574074 | F86: 0.21631944 | H86: 1
A87: 141243 | B87: 0 | C87: 7 | D87: ISP | E87: 0.21770833 | F87: 0.21840278 | H87: 1
A88: 141243 | B88: 0 | C88: 7 | D88: BVI | E88: 0.21956019 | F88: 0.22002315 | H88: 1
A89: 141243 | B89: 0 | C89: 7 | D89: JVL | E89: 0.22118056 | F89: 0.221875 | H89: 1
A90: 141243 | B90: 0 | C90: 7 | D90: CPM | E90: 0.22326389 | F90: 0.22372685 | H90: 1
A91: 141243 | B91: 0 | C91: 7 | D91: PDM | E91: 0.22488426 | F91: 0.22534722 | H91: 1
A92: 141243 | B92: 0 | C92: 7 | D92: INV | E92: 0.22650463 | F92: 0.22696759 | H92: 1
A93: 141243 | B93: 0 | C93: 7 | D93: MDS | E93: 0.228125 | F93: 0.22858796 | H93: 1
A94: 141243 | B94: 0 | C94: 7 | D94: SHL | E94: 0.23043981 | F94: 0.23101852 | H94: 1
A95: 141243 | B95: 0 | C95: 7 | D95: PZB | E95: 0.23310185 | F95: 0.23368056 | H95: 1S
A96: 141243 | B96: 0 | C96: 7 | D96: BFM | E96: 0.23553241 | F96: 0.23645833 | H96: 1BIS
A97: 141243 | B97: 0 | C97: 7 | D97: LAD | E97: 0.23981481 | F97: 0.24027778 | H97: 1BIS
A98: 141243 | B98: 0 | C98: 7 | D98: CLR | E98: 0.24201389 | F98: 0.24340278 | H98: 1BIS
A99: 141243 | B99: 0 | C99: 7 | D99: VRI | E99: 0.24548611 | F99: 0.24594907 | H99: 1BIS
A100: 141243 | B100: 0 | C100: 7 | D100: ABL | E100: 0.24733796 | F100: 0.24780093 | H100: 1BIS
A101: 141243 | B101: 0 | C101: 7 | D101: ATH | E101: 0.24930556 | F101: 0.24976852 | H101: 1BIS
A102: 141243 | B102: 0 | C102: 7 | D102: JY | E102: 0.2525463 | H102: 7
...

Sheet Param
A1: !ntitulé | B1: Valeur | D1: Jours | E1: Abréviation | F1: N°
A2: Nombre connexions max par gare | B2: 6 | D2: Lundi | E2: Lu | F2: 1
D3: Mardi | E3: Ma | F3: 2
D4: Mercredi | E4: Me | F4: 3
D5: Jeudi | E5: Je | F5: 4
D6: Vendredi | E6: Ve | F6: 5
D7: Samedi | E7: Sa | F7: 6
D8: Dimanche | E8: Di | F8: 7
D9: JOB | E9: J | F9: 1;2;3;4;5
D10: WE | E10: W | F10: 6;7

Sheet Gares
A1: Abv | B1: Gare | C1: Variants (même plate-forme) | D1: Gare de rebroussement | E1: Sens des gares inversé (normalement donné dans le sens pair) = Sens inversé pour la ligne C | F1: Nombre de connexions de la gare | G1: Nombre de connexions où la gare est appelée | H1: OK? Nombre de connexions de la gare = Nombre de connexions où la gare est appelée ? | I1: De | J1: Vers1 | K1: Vers2 | L1: Vers3 | M1: Vers4 | N1: Vers5 | O1: Vers6 | P1: SensDe1 | Q1: SensDe2 | R1: SensDe3 | S1: SensDe4 | T1: SensDe5 | U1: SensDe6 | V1: SensVers1 | W1: SensVers2 | X1: SensVers3 | Y1: SensVers4 | Z1: SensVers5 | AA1: SensVers6
E2: & : connexion sens inversé (gare connectée en dessous dans la liste au lieu d'être au dessus ou inversement) | J2: $ : connexion avec rbt | L2: @ : connexion avec changement de parité
A3: DA | B3: Dourdan La Forêt | D3: I | F3: =COUNTA($J3:$N3) -> 2 | G3: {=SUM(IF(SUBSTITUTE(SUBSTITUTE(SUBSTITUTE(OFFSET($J$3,0,0,ROWS(Gares[Vers1]),Param!$B$2),"&",""),"$",""),"@","")=$I3,1,0))} -> 2 | H3: =IF(F3=G3,1,0) -> 1 | I3: =Gares[[#This Row],[Abv]] -> DA | J3: D | K3: D-GB | P3: =IF(Gares[[#This Row],[Vers1]]="",0,IF(_xlfn.XOR(ISERROR(MATCH(SUBSTITUTE(SUBSTITUTE(SUBSTITUTE(Gares[[#This Row],[Vers1]],"&",""),"$",""),"@",""),$I2:$I$2,0)),NOT(ISERROR(FIND("&",Gares[[#This Row],[Vers1]])))),2,1)) -> 2 | Q3: =IF(Gares[[#This Row],[Vers2]]="",0,IF(_xlfn.XOR(ISERROR(MATCH(SUBSTITUTE(SUBSTITUTE(SUBSTITUTE(Gares[[#This Row],[Vers2]],"&",""),"$",""),"@",""),$I2:$I$2,0)),NOT(ISERROR(FIND("&",Gares[[#This Row],[Vers2]])))),2,1)) -> 2 | R3: =IF(Gares[[#This Row],[Vers3]]="",0,IF(_xlfn.XOR(ISERROR(MATCH(SUBSTITUTE(SUBSTITUTE(SUBSTITUTE(Gares[[#This Row],[Vers3]],"&",""),"$",""),"@",""),$I2:$I$2,0)),NOT(ISERROR(FIND("&",Gares[[#This Row],[Vers3]])))),2,1)) -> 0 | S3: =IF(Gares[[#This Row],[Vers4]]="",0,IF(_xlfn.XOR(ISERROR(MATCH(SUBSTITUTE(SUBSTITUTE(SUBSTITUTE(Gares[[#This Row],[Vers4]],"&",""),"$",""),"@",""),$I2:$I$2,0)),NOT(ISERROR(FIND("&",Gares[[#This Row],[Vers4]])))),2,1)) -> 0 | T3: =IF(Gares[[#This Row],[Vers5]]="",0,IF(_xlfn.XOR(ISERROR(MATCH(SUBSTITUTE(SUBSTITUTE(SUBSTITUTE(Gares[[#This Row],[Vers5]],"&",""),"$",""),"@",""),$I2:$I$2,0)),NOT(ISERROR(FIND("&",Gares[[#This Row],[Vers5]])))),2,1)) -> 0 | U3: =IF(Gares[[#This Row],[Vers6]]="",0,IF(_xlfn.XOR(ISERROR(MATCH(SUBSTITUTE(SUBSTITUTE(SUBSTITUTE(Gares[[#This Row],[Vers6]],"&",""),"$",""),"@",""),$I2:$I$2,0)),NOT(ISERROR(FIND("&",Gares[[#This Row],[Vers6]])))),2,1)) -> 0 | V3: =IF(Gares[[#This Row],[SensDe1]]=0,0,IF(ISERROR(FIND("$",Gares[[#This Row],[Vers1]]))*ISERROR(FIND("@",Gares[[#This Row],[Vers1]])),Gares[[#This Row],[SensDe1]],3-Gares[[#This Row],[SensDe1]])) -> 2 | W3: =IF(Gares[[#This Row],[SensDe2]]=0,0,IF(ISERROR(FIND("$",Gares[[#This Row],[Vers2]]))*ISERROR(FIND("@",Gares[[#This Row],[Vers2]])),Gares[[#This Row],[SensDe2]],3-Gares[[#This Row],[SensDe2]])) -> 2 | X3: =IF(Gares[[#This Row],[SensDe3]]=0,0,IF(ISERROR(FIND("$",Gares[[#This Row],[Vers3]]))*ISERROR(FIND("@",Gares[[#This Row],[Vers3]])),Gares[[#This Row],[SensDe3]],3-Gares[[#This Row],[SensDe3]])) -> 0 | Y3: =IF(Gares[[#This Row],[SensDe4]]=0,0,IF(ISERROR(FIND("$",Gares[[#This Row],[Vers4]]))*ISERROR(FIND("@",Gares[[#This Row],[Vers4]])),Gares[[#This Row],[SensDe4]],3-Gares[[#This Row],[SensDe4]])) -> 0 | Z3: =IF(Gares[[#This Row],[SensDe5]]=0,0,IF(ISERROR(FIND("$",Gares[[#This Row],[Vers5]]))*ISERROR(FIND("@",Gares[[#This Row],[Vers5]])),Gares[[#This Row],[SensDe5]],3-Gares[[#This Row],[SensDe5]])) -> 0 | AA3: =IF(Gares[[#This Row],[SensDe6]]=0,0,IF(ISERROR(FIND("$",Gares[[#This Row],[Vers6]]))*ISERROR(FIND("@",Gares[[#This Row],[Vers6]])),Gares[[#This Row],[SensDe6]],3-Gares[[#This Row],[SensDe6]])) -> 0
A4: DA-FI | B4: Dourdan La Forêt - Garages | D4: I | F4: =COUNTA($J4:$N4) -> 2 | G4: {=SUM(IF(SUBSTITUTE(SUBSTITUTE(SUBSTITUTE(OFFSET($J$3,0,0,ROWS(Gares[Vers1]),Param!$B$2),"&",""),"$",""),"@","")=$I4,1,0))} -> 2 | H4: =IF(F4=G4,1,0) -> 1 | I4: =Gares[[#This Row],[Abv]] -> DA-FI | J4: D | K4: D-GB | P4: =IF(Gares[[#This Row],[Vers1]]="",0,IF(_xlfn.XOR(ISERROR(MATCH(SUBSTITUTE(SUBSTITUTE(SUBSTITUTE(Gares[[#This Row],[Vers1]],"&",""),"$",""),"@",""),$I$2:$I3,0)),NOT(ISERROR(FIND("&",Gares[[#This Row],[Vers1]])))),2,1)) -> 2 | Q4: =IF(Gares[[#This Row],[Vers2]]="",0,IF(_xlfn.XOR(ISERROR(MATCH(SUBSTITUTE(SUBSTITUTE(SUBSTITUTE(Gares[[#This Row],[Vers2]],"&",""),"$",""),"@",""),$I$2:$I3,0)),NOT(ISERROR(FIND("&",Gares[[#This Row],[Vers2]])))),2,1)) -> 2 | R4: =IF(Gares[[#This Row],[Vers3]]="",0,IF(_xlfn.XOR(ISERROR(MATCH(SUBSTITUTE(SUBSTITUTE(SUBSTITUTE(Gares[[#This Row],[Vers3]],"&",""),"$",""),"@",""),$I$2:$I3,0)),NOT(ISERROR(FIND("&",Gares[[#This Row],[Vers3]])))),2,1)) -> 0 | S4: =IF(Gares[[#This Row],[Vers4]]="",0,IF(_xlfn.XOR(ISERROR(MATCH(SUBSTITUTE(SUBSTITUTE(SUBSTITUTE(Gares[[#This Row],[Vers4]],"&",""),"$",""),"@",""),$I$2:$I3,0)),NOT(ISERROR(FIND("&",Gares[[#This Row],[Vers4]])))),2,1)) -> 0 | T4: =IF(Gares[[#This Row],[Vers5]]="",0,IF(_xlfn.XOR(ISERROR(MATCH(SUBSTITUTE(SUBSTITUTE(SUBSTITUTE(Gares[[#This Row],[Vers5]],"&",""),"$",""),"@",""),$I$2:$I3,0)),NOT(ISERROR(FIND("&",Gares[[#This Row],[Vers5]])))),2,1)) -> 0 | U4: =IF(Gares[[#This Row],[Vers6]]="",0,IF(_xlfn.XOR(ISERROR(MATCH(SUBSTITUTE(SUBSTITUTE(SUBSTITUTE(Gares[[#This Row],[Vers6]],"&",""),"$",""),"@",""),$I$2:$I3,0)),NOT(ISERROR(FIND("&",Gares[[#This Row],[Vers6]])))),2,1)) -> 0 | V4: =IF(Gares[[#This Row],[SensDe1]]=0,0,IF(ISERROR(FIND("$",Gares[[#This Row],[Vers1]]))*ISERROR(FIND("@",Gares[[#This Row],[Vers1]])),Gares[[#This Row],[SensDe1]],3-Gares[[#This Row],[SensDe1]])) -> 2 | W4: =IF(Gares[[#This Row],[SensDe2]]=0,0,IF(ISERROR(FIND("$",Gares[[#This Row],[Vers2]]))*ISERROR(FIND("@",Gares[[#This Row],[Vers2]])),Gares[[#This Row],[SensDe2]],3-Gares[[#This Row],[SensDe2]])) -> 2 | X4: =IF(Gares[[#This Row],[SensDe3]]=0,0,IF(ISERROR(FIND("$",Gares[[#This Row],[Vers3]]))*ISERROR(FIND("@",Gares[[#This Row],[Vers3]])),Gares[[#This Row],[SensDe3]],3-Gares[[#This Row],[SensDe3]])) -> 0 | Y4: =IF(Gares[[#This Row],[SensDe4]]=0,0,IF(ISERROR(FIND("$",Gares[[#This Row],[Vers4]]))*ISERROR(FIND("@",Gares[[#This Row],[Vers4]])),Gares[[#This Row],[SensDe4]],3-Gares[[#This Row],[SensDe4]])) -> 0 | Z4: =IF(Gares[[#This Row],[SensDe5]]=0,0,IF(ISERROR(FIND("$",Gares[[#This Row],[Vers5]]))*ISERROR(FIND("@",Gares[[#This Row],[Vers5]])),Gares[[#This Row],[SensDe5]],3-Gares[[#This Row],[SensDe5]])) -> 0 | AA4: =IF(Gares[[#This Row],[SensDe6]]=0,0,IF(ISERROR(FIND("$",Gares[[#This Row],[Vers6]]))*ISERROR(FIND("@",Gares[[#This Row],[Vers6]])),Gares[[#This Row],[SensDe6]],3-Gares[[#This Row],[SensDe6]])) -> 0
A5: D-GB | B5: Dourdan - Garages | D5: IP | F5: =COUNTA($J5:$N5) -> 4 | G5: {=SUM(IF(SUBSTITUTE(SUBSTITUTE(SUBSTITUTE(OFFSET($J$3,0,0,ROWS(Gares[Vers1]),Param!$B$2),"&",""),"$",""),"@","")=$I5,1,0))} -> 4 | H5: =IF(F5=G5,1,0) -> 1 | I5: =Gares[[#This Row],[Abv]] -> D-GB | J5: SXE | K5: D$& | L5: DA | M5: DA-FI | P5: =IF(Gares[[#This Row],[Vers1]]="",0,IF(_xlfn.XOR(ISERROR(MATCH(SUBSTITUTE(SUBSTITUTE(SUBSTITUTE(Gares[[#This Row],[Vers1]],"&",""),"$",""),"@",""),$I$2:$I4,0)),NOT(ISERROR(FIND("&",Gares[[#This Row],[Vers1]])))),2,1)) -> 2 | Q5: =IF(Gares[[#This Row],[Vers2]]="",0,IF(_xlfn.XOR(ISERROR(MATCH(SUBSTITUTE(SUBSTITUTE(SUBSTITUTE(Gares[[#This Row],[Vers2]],"&",""),"$",""),"@",""),$I$2:$I4,0)),NOT(ISERROR(FIND("&",Gares[[#This Row],[Vers2]])))),2,1)) -> 1 | R5: =IF(Gares[[#This Row],[Vers3]]="",0,IF(_xlfn.XOR(ISERROR(MATCH(SUBSTITUTE(SUBSTITUTE(SUBSTITUTE(Gares[[#This Row],[Vers3]],"&",""),"$",""),"@",""),$I$2:$I4,0)),NOT(ISERROR(FIND("&",Gares[[#This Row],[Vers3]])))),2,1)) -> 1 | S5: =IF(Gares[[#This Row],[Vers4]]="",0,IF(_xlfn.XOR(ISERROR(MATCH(SUBSTITUTE(SUBSTITUTE(SUBSTITUTE(Gares[[#This Row],[Vers4]],"&",""),"$",""),"@",""),$I$2:$I4,0)),NOT(ISERROR(FIND("&",Gares[[#This Row],[Vers4]])))),2,1)) -> 1 | T5: =IF(Gares[[#This Row],[Vers5]]="",0,IF(_xlfn.XOR(ISERROR(MATCH(SUBSTITUTE(SUBSTITUTE(SUBSTITUTE(Gares[[#This Row],[Vers5]],"&",""),"$",""),"@",""),$I$2:$I4,0)),NOT(ISERROR(FIND("&",Gares[[#This Row],[Vers5]])))),2,1)) -> 0 | U5: =IF(Gares[[#This Row],[Vers6]]="",0,IF(_xlfn.XOR(ISERROR(MATCH(SUBSTITUTE(SUBSTITUTE(SUBSTITUTE(Gares[[#This Row],[Vers6]],"&",""),"$",""),"@",""),$I$2:$I4,0)),NOT(ISERROR(FIND("&",Gares[[#This Row],[Vers6]])))),2,1)) -> 0 | V5: =IF(Gares[[#This Row],[SensDe1]]=0,0,IF(ISERROR(FIND("$",Gares[[#This Row],[Vers1]]))*ISERROR(FIND("@",Gares[[#This Row],[Vers1]])),Gares[[#This Row],[SensDe1]],3-Gares[[#This Row],[SensDe1]])) -> 2 | W5: =IF(Gares[[#This Row],[SensDe2]]=0,0,IF(ISERROR(FIND("$",Gares[[#This Row],[Vers2]]))*ISERROR(FIND("@",Gares[[#This Row],[Vers2]])),Gares[[#This Row],[SensDe2]],3-Gares[[#This Row],[SensDe2]])) -> 2 | X5: =IF(Gares[[#This Row],[SensDe3]]=0,0,IF(ISERROR(FIND("$",Gares[[#This Row],[Vers3]]))*ISERROR(FIND("@",Gares[[#This Row],[Vers3]])),Gares[[#This Row],[SensDe3]],3-Gares[[#This Row],[SensDe3]])) -> 1 | Y5: =IF(Gares[[#This Row],[SensDe4]]=0,0,IF(ISERROR(FIND("$",Gares[[#This Row],[Vers4]]))*ISERROR(FIND("@",Gares[[#This Row],[Vers4]])),Gares[[#This Row],[SensDe4]],3-Gares[[#This Row],[SensDe4]])) -> 1 | Z5: =IF(Gares[[#This Row],[SensDe5]]=0,0,IF(ISERROR(FIND("$",Gares[[#This Row],[Vers5]]))*ISERROR(FIND("@",Gares[[#This Row],[Vers5]])),Gares[[#This Row],[SensDe5]],3-Gares[[#This Row],[SensDe5]])) -> 0 | AA5: =IF(Gares[[#This Row],[SensDe6]]=0,0,IF(ISERROR(FIND("$",Gares[[#This Row],[Vers6]]))*ISERROR(FIND("@",Gares[[#This Row],[Vers6]])),Gares[[#This Row],[SensDe6]],3-Gares[[#This Row],[SensDe6]])) -> 0
A6: D | B6: Dourdan | D6: IP | F6: =COUNTA($J6:$N6) -> 4 | G6: {=SUM(IF(SUBSTITUTE(SUBSTITUTE(SUBSTITUTE(OFFSET($J$3,0,0,ROWS(Gares[Vers1]),Param!$B$2),"&",""),"$",""),"@","")=$I6,1,0))} -> 4 | H6: =IF(F6=G6,1,0) -> 1 | I6: =Gares[[#This Row],[Abv]] -> D | J6: =I7 -> SXE | K6: D-GB$ | L6: DA | M6: DA-FI | P6: =IF(Gares[[#This Row],[Vers1]]="",0,IF(_xlfn.XOR(ISERROR(MATCH(SUBSTITUTE(SUBSTITUTE(SUBSTITUTE(Gares[[#This Row],[Vers1]],"&",""),"$",""),"@",""),$I$2:$I5,0)),NOT(ISERROR(FIND("&",Gares[[#This Row],[Vers1]])))),2,1)) -> 2 | Q6: =IF(Gares[[#This Row],[Vers2]]="",0,IF(_xlfn.XOR(ISERROR(MATCH(SUBSTITUTE(SUBSTITUTE(SUBSTITUTE(Gares[[#This Row],[Vers2]],"&",""),"$",""),"@",""),$I$2:$I5,0)),NOT(ISERROR(FIND("&",Gares[[#This Row],[Vers2]])))),2,1)) -> 1 | R6: =IF(Gares[[#This Row],[Vers3]]="",0,IF(_xlfn.XOR(ISERROR(MATCH(SUBSTITUTE(SUBSTITUTE(SUBSTITUTE(Gares[[#This Row],[Vers3]],"&",""),"$",""),"@",""),$I$2:$I5,0)),NOT(ISERROR(FIND("&",Gares[[#This Row],[Vers3]])))),2,1)) -> 1 | S6: =IF(Gares[[#This Row],[Vers4]]="",0,IF(_xlfn.XOR(ISERROR(MATCH(SUBSTITUTE(SUBSTITUTE(SUBSTITUTE(Gares[[#This Row],[Vers4]],"&",""),"$",""),"@",""),$I$2:$I5,0)),NOT(ISERROR(FIND("&",Gares[[#This Row],[Vers4]])))),2,1)) -> 1 | T6: =IF(Gares[[#This Row],[Vers5]]="",0,IF(_xlfn.XOR(ISERROR(MATCH(SUBSTITUTE(SUBSTITUTE(SUBSTITUTE(Gares[[#This Row],[Vers5]],"&",""),"$",""),"@",""),$I$2:$I5,0)),NOT(ISERROR(FIND("&",Gares[[#This Row],[Vers5]])))),2,1)) -> 0 | U6: =IF(Gares[[#This Row],[Vers6]]="",0,IF(_xlfn.XOR(ISERROR(MATCH(SUBSTITUTE(SUBSTITUTE(SUBSTITUTE(Gares[[#This Row],[Vers6]],"&",""),"$",""),"@",""),$I$2:$I5,0)),NOT(ISERROR(FIND("&",Gares[[#This Row],[Vers6]])))),2,1)) -> 0 | V6: =IF(Gares[[#This Row],[SensDe1]]=0,0,IF(ISERROR(FIND("$",Gares[[#This Row],[Vers1]]))*ISERROR(FIND("@",Gares[[#This Row],[Vers1]])),Gares[[#This Row],[SensDe1]],3-Gares[[#This Row],[SensDe1]])) -> 2 | W6: =IF(Gares[[#This Row],[SensDe2]]=0,0,IF(ISERROR(FIND("$",Gares[[#This Row],[Vers2]]))*ISERROR(FIND("@",Gares[[#This Row],[Vers2]])),Gares[[#This Row],[SensDe2]],3-Gares[[#This Row],[SensDe2]])) -> 2 | X6: =IF(Gares[[#This Row],[SensDe3]]=0,0,IF(ISERROR(FIND("$",Gares[[#This Row],[Vers3]]))*ISERROR(FIND("@",Gares[[#This Row],[Vers3]])),Gares[[#This Row],[SensDe3]],3-Gares[[#This Row],[SensDe3]])) -> 1 | Y6: =IF(Gares[[#This Row],[SensDe4]]=0,0,IF(ISERROR(FIND("$",Gares[[#This Row],[Vers4]]))*ISERROR(FIND("@",Gares[[#This Row],[Vers4]])),Gares[[#This Row],[SensDe4]],3-Gares[[#This Row],[SensDe4]])) -> 1 | Z6: =IF(Gares[[#This Row],[SensDe5]]=0,0,IF(ISERROR(FIND("$",Gares[[#This Row],[Vers5]]))*ISERROR(FIND("@",Gares[[#This Row],[Vers5]])),Gares[[#This Row],[SensDe5]],3-Gares[[#This Row],[SensDe5]])) -> 0 | AA6: =IF(Gares[[#This Row],[SensDe6]]=0,0,IF(ISERROR(FIND("$",Gares[[#This Row],[Vers6]]))*ISERROR(FIND("@",Gares[[#This Row],[Vers6]])),Gares[[#This Row],[SensDe6]],3-Gares[[#This Row],[SensDe6]])) -> 0
A7: SXE | B7: Sermaise | F7: =COUNTA($J7:$N7) -> 3 | G7: {=SUM(IF(SUBSTITUTE(SUBSTITUTE(SUBSTITUTE(OFFSET($J$3,0,0,ROWS(Gares[Vers1]),Param!$B$2),"&",""),"$",""),"@","")=$I7,1,0))} -> 3 | H7: =IF(F7=G7,1,0) -> 1 | I7: =Gares[[#This Row],[Abv]] -> SXE | J7: =I8 -> SCW | K7: D | L7: D-GB | P7: =IF(Gares[[#This Row],[Vers1]]="",0,IF(_xlfn.XOR(ISERROR(MATCH(SUBSTITUTE(SUBSTITUTE(SUBSTITUTE(Gares[[#This Row],[Vers1]],"&",""),"$",""),"@",""),$I$2:$I6,0)),NOT(ISERROR(FIND("&",Gares[[#This Row],[Vers1]])))),2,1)) -> 2 | Q7: =IF(Gares[[#This Row],[Vers2]]="",0,IF(_xlfn.XOR(ISERROR(MATCH(SUBSTITUTE(SUBSTITUTE(SUBSTITUTE(Gares[[#This Row],[Vers2]],"&",""),"$",""),"@",""),$I$2:$I6,0)),NOT(ISERROR(FIND("&",Gares[[#This Row],[Vers2]])))),2,1)) -> 1 | R7: =IF(Gares[[#This Row],[Vers3]]="",0,IF(_xlfn.XOR(ISERROR(MATCH(SUBSTITUTE(SUBSTITUTE(SUBSTITUTE(Gares[[#This Row],[Vers3]],"&",""),"$",""),"@",""),$I$2:$I6,0)),NOT(ISERROR(FIND("&",Gares[[#This Row],[Vers3]])))),2,1)) -> 1 | S7: =IF(Gares[[#This Row],[Vers4]]="",0,IF(_xlfn.XOR(ISERROR(MATCH(SUBSTITUTE(SUBSTITUTE(SUBSTITUTE(Gares[[#This Row],[Vers4]],"&",""),"$",""),"@",""),$I$2:$I6,0)),NOT(ISERROR(FIND("&",Gares[[#This Row],[Vers4]])))),2,1)) -> 0 | T7: =IF(Gares[[#This Row],[Vers5]]="",0,IF(_xlfn.XOR(ISERROR(MATCH(SUBSTITUTE(SUBSTITUTE(SUBSTITUTE(Gares[[#This Row],[Vers5]],"&",""),"$",""),"@",""),$I$2:$I6,0)),NOT(ISERROR(FIND("&",Gares[[#This Row],[Vers5]])))),2,1)) -> 0 | U7: =IF(Gares[[#This Row],[Vers6]]="",0,IF(_xlfn.XOR(ISERROR(MATCH(SUBSTITUTE(SUBSTITUTE(SUBSTITUTE(Gares[[#This Row],[Vers6]],"&",""),"$",""),"@",""),$I$2:$I6,0)),NOT(ISERROR(FIND("&",Gares[[#This Row],[Vers6]])))),2,1)) -> 0 | V7: =IF(Gares[[#This Row],[SensDe1]]=0,0,IF(ISERROR(FIND("$",Gares[[#This Row],[Vers1]]))*ISERROR(FIND("@",Gares[[#This Row],[Vers1]])),Gares[[#This Row],[SensDe1]],3-Gares[[#This Row],[SensDe1]])) -> 2 | W7: =IF(Gares[[#This Row],[SensDe2]]=0,0,IF(ISERROR(FIND("$",Gares[[#This Row],[Vers2]]))*ISERROR(FIND("@",Gares[[#This Row],[Vers2]])),Gares[[#This Row],[SensDe2]],3-Gares[[#This Row],[SensDe2]])) -> 1 | X7: =IF(Gares[[#This Row],[SensDe3]]=0,0,IF(ISERROR(FIND("$",Gares[[#This Row],[Vers3]]))*ISERROR(FIND("@",Gares[[#This Row],[Vers3]])),Gares[[#This Row],[SensDe3]],3-Gares[[#This Row],[SensDe3]])) -> 1 | Y7: =IF(Gares[[#This Row],[SensDe4]]=0,0,IF(ISERROR(FIND("$",Gares[[#This Row],[Vers4]]))*ISERROR(FIND("@",Gares[[#This Row],[Vers4]])),Gares[[#This Row],[SensDe4]],3-Gares[[#This Row],[SensDe4]])) -> 0 | Z7: =IF(Gares[[#This Row],[SensDe5]]=0,0,IF(ISERROR(FIND("$",Gares[[#This Row],[Vers5]]))*ISERROR(FIND("@",Gares[[#This Row],[Vers5]])),Gares[[#This Row],[SensDe5]],3-Gares[[#This Row],[SensDe5]])) -> 0 | AA7: =IF(Gares[[#This Row],[SensDe6]]=0,0,IF(ISERROR(FIND("$",Gares[[#This Row],[Vers6]]))*ISERROR(FIND("@",Gares[[#This Row],[Vers6]])),Gares[[#This Row],[SensDe6]],3-Gares[[#This Row],[SensDe6]])) -> 0
A8: SCW | B8: Saint-Chéron | F8: =COUNTA($J8:$N8) -> 2 | G8: {=SUM(IF(SUBSTITUTE(SUBSTITUTE(SUBSTITUTE(OFFSET($J$3,0,0,ROWS(Gares[Vers1]),Param!$B$2),"&",""),"$",""),"@","")=$I8,1,0))} -> 2 | H8: =IF(F8=G8,1,0) -> 1 | I8: =Gares[[#This Row],[Abv]] -> SCW | J8: =I9 -> BRW | K8: =I7 -> SXE | P8: =IF(Gares[[#This Row],[Vers1]]="",0,IF(_xlfn.XOR(ISERROR(MATCH(SUBSTITUTE(SUBSTITUTE(SUBSTITUTE(Gares[[#This Row],[Vers1]],"&",""),"$",""),"@",""),$I$2:$I7,0)),NOT(ISERROR(FIND("&",Gares[[#This Row],[Vers1]])))),2,1)) -> 2 | Q8: =IF(Gares[[#This Row],[Vers2]]="",0,IF(_xlfn.XOR(ISERROR(MATCH(SUBSTITUTE(SUBSTITUTE(SUBSTITUTE(Gares[[#This Row],[Vers2]],"&",""),"$",""),"@",""),$I$2:$I7,0)),NOT(ISERROR(FIND("&",Gares[[#This Row],[Vers2]])))),2,1)) -> 1 | R8: =IF(Gares[[#This Row],[Vers3]]="",0,IF(_xlfn.XOR(ISERROR(MATCH(SUBSTITUTE(SUBSTITUTE(SUBSTITUTE(Gares[[#This Row],[Vers3]],"&",""),"$",""),"@",""),$I$2:$I7,0)),NOT(ISERROR(FIND("&",Gares[[#This Row],[Vers3]])))),2,1)) -> 0 | S8: =IF(Gares[[#This Row],[Vers4]]="",0,IF(_xlfn.XOR(ISERROR(MATCH(SUBSTITUTE(SUBSTITUTE(SUBSTITUTE(Gares[[#This Row],[Vers4]],"&",""),"$",""),"@",""),$I$2:$I7,0)),NOT(ISERROR(FIND("&",Gares[[#This Row],[Vers4]])))),2,1)) -> 0 | T8: =IF(Gares[[#This Row],[Vers5]]="",0,IF(_xlfn.XOR(ISERROR(MATCH(SUBSTITUTE(SUBSTITUTE(SUBSTITUTE(Gares[[#This Row],[Vers5]],"&",""),"$",""),"@",""),$I$2:$I7,0)),NOT(ISERROR(FIND("&",Gares[[#This Row],[Vers5]])))),2,1)) -> 0 | U8: =IF(Gares[[#This Row],[Vers6]]="",0,IF(_xlfn.XOR(ISERROR(MATCH(SUBSTITUTE(SUBSTITUTE(SUBSTITUTE(Gares[[#This Row],[Vers6]],"&",""),"$",""),"@",""),$I$2:$I7,0)),NOT(ISERROR(FIND("&",Gares[[#This Row],[Vers6]])))),2,1)) -> 0 | V8: =IF(Gares[[#This Row],[SensDe1]]=0,0,IF(ISERROR(FIND("$",Gares[[#This Row],[Vers1]]))*ISERROR(FIND("@",Gares[[#This Row],[Vers1]])),Gares[[#This Row],[SensDe1]],3-Gares[[#This Row],[SensDe1]])) -> 2 | W8: =IF(Gares[[#This Row],[SensDe2]]=0,0,IF(ISERROR(FIND("$",Gares[[#This Row],[Vers2]]))*ISERROR(FIND("@",Gares[[#This Row],[Vers2]])),Gares[[#This Row],[SensDe2]],3-Gares[[#This Row],[SensDe2]])) -> 1 | X8: =IF(Gares[[#This Row],[SensDe3]]=0,0,IF(ISERROR(FIND("$",Gares[[#This Row],[Vers3]]))*ISERROR(FIND("@",Gares[[#This Row],[Vers3]])),Gares[[#This Row],[SensDe3]],3-Gares[[#This Row],[SensDe3]])) -> 0 | Y8: =IF(Gares[[#This Row],[SensDe4]]=0,0,IF(ISERROR(FIND("$",Gares[[#This Row],[Vers4]]))*ISERROR(FIND("@",Gares[[#This Row],[Vers4]])),Gares[[#This Row],[SensDe4]],3-Gares[[#This Row],[SensDe4]])) -> 0 | Z8: =IF(Gares[[#This Row],[SensDe5]]=0,0,IF(ISERROR(FIND("$",Gares[[#This Row],[Vers5]]))*ISERROR(FIND("@",Gares[[#This Row],[Vers5]])),Gares[[#This Row],[SensDe5]],3-Gares[[#This Row],[SensDe5]])) -> 0 | AA8: =IF(Gares[[#This Row],[SensDe6]]=0,0,IF(ISERROR(FIND("$",Gares[[#This Row],[Vers6]]))*ISERROR(FIND("@",Gares[[#This Row],[Vers6]])),Gares[[#This Row],[SensDe6]],3-Gares[[#This Row],[SensDe6]])) -> 0
A9: BRW | B9: Breuillet Village | F9: =COUNTA($J9:$N9) -> 2 | G9: {=SUM(IF(SUBSTITUTE(SUBSTITUTE(SUBSTITUTE(OFFSET($J$3,0,0,ROWS(Gares[Vers1]),Param!$B$2),"&",""),"$",""),"@","")=$I9,1,0))} -> 2 | H9: =IF(F9=G9,1,0) -> 1 | I9: =Gares[[#This Row],[Abv]] -> BRW | J9: =I10 -> BIH | K9: =I8 -> SCW | P9: =IF(Gares[[#This Row],[Vers1]]="",0,IF(_xlfn.XOR(ISERROR(MATCH(SUBSTITUTE(SUBSTITUTE(SUBSTITUTE(Gares[[#This Row],[Vers1]],"&",""),"$",""),"@",""),$I$2:$I8,0)),NOT(ISERROR(FIND("&",Gares[[#This Row],[Vers1]])))),2,1)) -> 2 | Q9: =IF(Gares[[#This Row],[Vers2]]="",0,IF(_xlfn.XOR(ISERROR(MATCH(SUBSTITUTE(SUBSTITUTE(SUBSTITUTE(Gares[[#This Row],[Vers2]],"&",""),"$",""),"@",""),$I$2:$I8,0)),NOT(ISERROR(FIND("&",Gares[[#This Row],[Vers2]])))),2,1)) -> 1 | R9: =IF(Gares[[#This Row],[Vers3]]="",0,IF(_xlfn.XOR(ISERROR(MATCH(SUBSTITUTE(SUBSTITUTE(SUBSTITUTE(Gares[[#This Row],[Vers3]],"&",""),"$",""),"@",""),$I$2:$I8,0)),NOT(ISERROR(FIND("&",Gares[[#This Row],[Vers3]])))),2,1)) -> 0 | S9: =IF(Gares[[#This Row],[Vers4]]="",0,IF(_xlfn.XOR(ISERROR(MATCH(SUBSTITUTE(SUBSTITUTE(SUBSTITUTE(Gares[[#This Row],[Vers4]],"&",""),"$",""),"@",""),$I$2:$I8,0)),NOT(ISERROR(FIND("&",Gares[[#This Row],[Vers4]])))),2,1)) -> 0 | T9: =IF(Gares[[#This Row],[Vers5]]="",0,IF(_xlfn.XOR(ISERROR(MATCH(SUBSTITUTE(SUBSTITUTE(SUBSTITUTE(Gares[[#This Row],[Vers5]],"&",""),"$",""),"@",""),$I$2:$I8,0)),NOT(ISERROR(FIND("&",Gares[[#This Row],[Vers5]])))),2,1)) -> 0 | U9: =IF(Gares[[#This Row],[Vers6]]="",0,IF(_xlfn.XOR(ISERROR(MATCH(SUBSTITUTE(SUBSTITUTE(SUBSTITUTE(Gares[[#This Row],[Vers6]],"&",""),"$",""),"@",""),$I$2:$I8,0)),NOT(ISERROR(FIND("&",Gares[[#This Row],[Vers6]])))),2,1)) -> 0 | V9: =IF(Gares[[#This Row],[SensDe1]]=0,0,IF(ISERROR(FIND("$",Gares[[#This Row],[Vers1]]))*ISERROR(FIND("@",Gares[[#This Row],[Vers1]])),Gares[[#This Row],[SensDe1]],3-Gares[[#This Row],[SensDe1]])) -> 2 | W9: =IF(Gares[[#This Row],[SensDe2]]=0,0,IF(ISERROR(FIND("$",Gares[[#This Row],[Vers2]]))*ISERROR(FIND("@",Gares[[#This Row],[Vers2]])),Gares[[#This Row],[SensDe2]],3-Gares[[#This Row],[SensDe2]])) -> 1 | X9: =IF(Gares[[#This Row],[SensDe3]]=0,0,IF(ISERROR(FIND("$",Gares[[#This Row],[Vers3]]))*ISERROR(FIND("@",Gares[[#This Row],[Vers3]])),Gares[[#This Row],[SensDe3]],3-Gares[[#This Row],[SensDe3]])) -> 0 | Y9: =IF(Gares[[#This Row],[SensDe4]]=0,0,IF(ISERROR(FIND("$",Gares[[#This Row],[Vers4]]))*ISERROR(FIND("@",Gares[[#This Row],[Vers4]])),Gares[[#This Row],[SensDe4]],3-Gares[[#This Row],[SensDe4]])) -> 0 | Z9: =IF(Gares[[#This Row],[SensDe5]]=0,0,IF(ISERROR(FIND("$",Gares[[#This Row],[Vers5]]))*ISERROR(FIND("@",Gares[[#This Row],[Vers5]])),Gares[[#This Row],[SensDe5]],3-Gares[[#This Row],[SensDe5]])) -> 0 | AA9: =IF(Gares[[#This Row],[SensDe6]]=0,0,IF(ISERROR(FIND("$",Gares[[#This Row],[Vers6]]))*ISERROR(FIND("@",Gares[[#This Row],[Vers6]])),Gares[[#This Row],[SensDe6]],3-Gares[[#This Row],[SensDe6]])) -> 0
A10: BIH | B10: Breuillet - Bruyères Le Châtel | F10: =COUNTA($J10:$N10) -> 2 | G10: {=SUM(IF(SUBSTITUTE(SUBSTITUTE(SUBSTITUTE(OFFSET($J$3,0,0,ROWS(Gares[Vers1]),Param!$B$2),"&",""),"$",""),"@","")=$I10,1,0))} -> 2 | H10: =IF(F10=G10,1,0) -> 1 | I10: =Gares[[#This Row],[Abv]] -> BIH | J10: =I11 -> ELY | K10: =I9 -> BRW | P10: =IF(Gares[[#This Row],[Vers1]]="",0,IF(_xlfn.XOR(ISERROR(MATCH(SUBSTITUTE(SUBSTITUTE(SUBSTITUTE(Gares[[#This Row],[Vers1]],"&",""),"$",""),"@",""),$I$2:$I9,0)),NOT(ISERROR(FIND("&",Gares[[#This Row],[Vers1]])))),2,1)) -> 2 | Q10: =IF(Gares[[#This Row],[Vers2]]="",0,IF(_xlfn.XOR(ISERROR(MATCH(SUBSTITUTE(SUBSTITUTE(SUBSTITUTE(Gares[[#This Row],[Vers2]],"&",""),"$",""),"@",""),$I$2:$I9,0)),NOT(ISERROR(FIND("&",Gares[[#This Row],[Vers2]])))),2,1)) -> 1 | R10: =IF(Gares[[#This Row],[Vers3]]="",0,IF(_xlfn.XOR(ISERROR(MATCH(SUBSTITUTE(SUBSTITUTE(SUBSTITUTE(Gares[[#This Row],[Vers3]],"&",""),"$",""),"@",""),$I$2:$I9,0)),NOT(ISERROR(FIND("&",Gares[[#This Row],[Vers3]])))),2,1)) -> 0 | S10: =IF(Gares[[#This Row],[Vers4]]="",0,IF(_xlfn.XOR(ISERROR(MATCH(SUBSTITUTE(SUBSTITUTE(SUBSTITUTE(Gares[[#This Row],[Vers4]],"&",""),"$",""),"@",""),$I$2:$I9,0)),NOT(ISERROR(FIND("&",Gares[[#This Row],[Vers4]])))),2,1)) -> 0 | T10: =IF(Gares[[#This Row],[Vers5]]="",0,IF(_xlfn.XOR(ISERROR(MATCH(SUBSTITUTE(SUBSTITUTE(SUBSTITUTE(Gares[[#This Row],[Vers5]],"&",""),"$",""),"@",""),$I$2:$I9,0)),NOT(ISERROR(FIND("&",Gares[[#This Row],[Vers5]])))),2,1)) -> 0 | U10: =IF(Gares[[#This Row],[Vers6]]="",0,IF(_xlfn.XOR(ISERROR(MATCH(SUBSTITUTE(SUBSTITUTE(SUBSTITUTE(Gares[[#This Row],[Vers6]],"&",""),"$",""),"@",""),$I$2:$I9,0)),NOT(ISERROR(FIND("&",Gares[[#This Row],[Vers6]])))),2,1)) -> 0 | V10: =IF(Gares[[#This Row],[SensDe1]]=0,0,IF(ISERROR(FIND("$",Gares[[#This Row],[Vers1]]))*ISERROR(FIND("@",Gares[[#This Row],[Vers1]])),Gares[[#This Row],[SensDe1]],3-Gares[[#This Row],[SensDe1]])) -> 2 | W10: =IF(Gares[[#This Row],[SensDe2]]=0,0,IF(ISERROR(FIND("$",Gares[[#This Row],[Vers2]]))*ISERROR(FIND("@",Gares[[#This Row],[Vers2]])),Gares[[#This Row],[SensDe2]],3-Gares[[#This Row],[SensDe2]])) -> 1 | X10: =IF(Gares[[#This Row],[SensDe3]]=0,0,IF(ISERROR(FIND("$",Gares[[#This Row],[Vers3]]))*ISERROR(FIND("@",Gares[[#This Row],[Vers3]])),Gares[[#This Row],[SensDe3]],3-Gares[[#This Row],[SensDe3]])) -> 0 | Y10: =IF(Gares[[#This Row],[SensDe4]]=0,0,IF(ISERROR(FIND("$",Gares[[#This Row],[Vers4]]))*ISERROR(FIND("@",Gares[[#This Row],[Vers4]])),Gares[[#This Row],[SensDe4]],3-Gares[[#This Row],[SensDe4]])) -> 0 | Z10: =IF(Gares[[#This Row],[SensDe5]]=0,0,IF(ISERROR(FIND("$",Gares[[#This Row],[Vers5]]))*ISERROR(FIND("@",Gares[[#This Row],[Vers5]])),Gares[[#This Row],[SensDe5]],3-Gares[[#This Row],[SensDe5]])) -> 0 | AA10: =IF(Gares[[#This Row],[SensDe6]]=0,0,IF(ISERROR(FIND("$",Gares[[#This Row],[Vers6]]))*ISERROR(FIND("@",Gares[[#This Row],[Vers6]])),Gares[[#This Row],[SensDe6]],3-Gares[[#This Row],[SensDe6]])) -> 0
A11: ELY | B11: Egly | F11: =COUNTA($J11:$N11) -> 2 | G11: {=SUM(IF(SUBSTITUTE(SUBSTITUTE(SUBSTITUTE(OFFSET($J$3,0,0,ROWS(Gares[Vers1]),Param!$B$2),"&",""),"$",""),"@","")=$I11,1,0))} -> 2 | H11: =IF(F11=G11,1,0) -> 1 | I11: =Gares[[#This Row],[Abv]] -> ELY | J11: =I12 -> ARP | K11: =I10 -> BIH | P11: =IF(Gares[[#This Row],[Vers1]]="",0,IF(_xlfn.XOR(ISERROR(MATCH(SUBSTITUTE(SUBSTITUTE(SUBSTITUTE(Gares[[#This Row],[Vers1]],"&",""),"$",""),"@",""),$I$2:$I10,0)),NOT(ISERROR(FIND("&",Gares[[#This Row],[Vers1]])))),2,1)) -> 2 | Q11: =IF(Gares[[#This Row],[Vers2]]="",0,IF(_xlfn.XOR(ISERROR(MATCH(SUBSTITUTE(SUBSTITUTE(SUBSTITUTE(Gares[[#This Row],[Vers2]],"&",""),"$",""),"@",""),$I$2:$I10,0)),NOT(ISERROR(FIND("&",Gares[[#This Row],[Vers2]])))),2,1)) -> 1 | R11: =IF(Gares[[#This Row],[Vers3]]="",0,IF(_xlfn.XOR(ISERROR(MATCH(SUBSTITUTE(SUBSTITUTE(SUBSTITUTE(Gares[[#This Row],[Vers3]],"&",""),"$",""),"@",""),$I$2:$I10,0)),NOT(ISERROR(FIND("&",Gares[[#This Row],[Vers3]])))),2,1)) -> 0 | S11: =IF(Gares[[#This Row],[Vers4]]="",0,IF(_xlfn.XOR(ISERROR(MATCH(SUBSTITUTE(SUBSTITUTE(SUBSTITUTE(Gares[[#This Row],[Vers4]],"&",""),"$",""),"@",""),$I$2:$I10,0)),NOT(ISERROR(FIND("&",Gares[[#This Row],[Vers4]])))),2,1)) -> 0 | T11: =IF(Gares[[#This Row],[Vers5]]="",0,IF(_xlfn.XOR(ISERROR(MATCH(SUBSTITUTE(SUBSTITUTE(SUBSTITUTE(Gares[[#This Row],[Vers5]],"&",""),"$",""),"@",""),$I$2:$I10,0)),NOT(ISERROR(FIND("&",Gares[[#This Row],[Vers5]])))),2,1)) -> 0 | U11: =IF(Gares[[#This Row],[Vers6]]="",0,IF(_xlfn.XOR(ISERROR(MATCH(SUBSTITUTE(SUBSTITUTE(SUBSTITUTE(Gares[[#This Row],[Vers6]],"&",""),"$",""),"@",""),$I$2:$I10,0)),NOT(ISERROR(FIND("&",Gares[[#This Row],[Vers6]])))),2,1)) -> 0 | V11: =IF(Gares[[#This Row],[SensDe1]]=0,0,IF(ISERROR(FIND("$",Gares[[#This Row],[Vers1]]))*ISERROR(FIND("@",Gares[[#This Row],[Vers1]])),Gares[[#This Row],[SensDe1]],3-Gares[[#This Row],[SensDe1]])) -> 2 | W11: =IF(Gares[[#This Row],[SensDe2]]=0,0,IF(ISERROR(FIND("$",Gares[[#This Row],[Vers2]]))*ISERROR(FIND("@",Gares[[#This Row],[Vers2]])),Gares[[#This Row],[SensDe2]],3-Gares[[#This Row],[SensDe2]])) -> 1 | X11: =IF(Gares[[#This Row],[SensDe3]]=0,0,IF(ISERROR(FIND("$",Gares[[#This Row],[Vers3]]))*ISERROR(FIND("@",Gares[[#This Row],[Vers3]])),Gares[[#This Row],[SensDe3]],3-Gares[[#This Row],[SensDe3]])) -> 0 | Y11: =IF(Gares[[#This Row],[SensDe4]]=0,0,IF(ISERROR(FIND("$",Gares[[#This Row],[Vers4]]))*ISERROR(FIND("@",Gares[[#This Row],[Vers4]])),Gares[[#This Row],[SensDe4]],3-Gares[[#This Row],[SensDe4]])) -> 0 | Z11: =IF(Gares[[#This Row],[SensDe5]]=0,0,IF(ISERROR(FIND("$",Gares[[#This Row],[Vers5]]))*ISERROR(FIND("@",Gares[[#This Row],[Vers5]])),Gares[[#This Row],[SensDe5]],3-Gares[[#This Row],[SensDe5]])) -> 0 | AA11: =IF(Gares[[#This Row],[SensDe6]]=0,0,IF(ISERROR(FIND("$",Gares[[#This Row],[Vers6]]))*ISERROR(FIND("@",Gares[[#This Row],[Vers6]])),Gares[[#This Row],[SensDe6]],3-Gares[[#This Row],[SensDe6]])) -> 0
A12: ARP | B12: Arpajon | F12: =COUNTA($J12:$N12) -> 2 | G12: {=SUM(IF(SUBSTITUTE(SUBSTITUTE(SUBSTITUTE(OFFSET($J$3,0,0,ROWS(Gares[Vers1]),Param!$B$2),"&",""),"$",""),"@","")=$I12,1,0))} -> 2 | H12: =IF(F12=G12,1,0) -> 1 | I12: =Gares[[#This Row],[Abv]] -> ARP | J12: =I13 -> NG | K12: =I11 -> ELY | P12: =IF(Gares[[#This Row],[Vers1]]="",0,IF(_xlfn.XOR(ISERROR(MATCH(SUBSTITUTE(SUBSTITUTE(SUBSTITUTE(Gares[[#This Row],[Vers1]],"&",""),"$",""),"@",""),$I$2:$I11,0)),NOT(ISERROR(FIND("&",Gares[[#This Row],[Vers1]])))),2,1)) -> 2 | Q12: =IF(Gares[[#This Row],[Vers2]]="",0,IF(_xlfn.XOR(ISERROR(MATCH(SUBSTITUTE(SUBSTITUTE(SUBSTITUTE(Gares[[#This Row],[Vers2]],"&",""),"$",""),"@",""),$I$2:$I11,0)),NOT(ISERROR(FIND("&",Gares[[#This Row],[Vers2]])))),2,1)) -> 1 | R12: =IF(Gares[[#This Row],[Vers3]]="",0,IF(_xlfn.XOR(ISERROR(MATCH(SUBSTITUTE(SUBSTITUTE(SUBSTITUTE(Gares[[#This Row],[Vers3]],"&",""),"$",""),"@",""),$I$2:$I11,0)),NOT(ISERROR(FIND("&",Gares[[#This Row],[Vers3]])))),2,1)) -> 0 | S12: =IF(Gares[[#This Row],[Vers4]]="",0,IF(_xlfn.XOR(ISERROR(MATCH(SUBSTITUTE(SUBSTITUTE(SUBSTITUTE(Gares[[#This Row],[Vers4]],"&",""),"$",""),"@",""),$I$2:$I11,0)),NOT(ISERROR(FIND("&",Gares[[#This Row],[Vers4]])))),2,1)) -> 0 | T12: =IF(Gares[[#This Row],[Vers5]]="",0,IF(_xlfn.XOR(ISERROR(MATCH(SUBSTITUTE(SUBSTITUTE(SUBSTITUTE(Gares[[#This Row],[Vers5]],"&",""),"$",""),"@",""),$I$2:$I11,0)),NOT(ISERROR(FIND("&",Gares[[#This Row],[Vers5]])))),2,1)) -> 0 | U12: =IF(Gares[[#This Row],[Vers6]]="",0,IF(_xlfn.XOR(ISERROR(MATCH(SUBSTITUTE(SUBSTITUTE(SUBSTITUTE(Gares[[#This Row],[Vers6]],"&",""),"$",""),"@",""),$I$2:$I11,0)),NOT(ISERROR(FIND("&",Gares[[#This Row],[Vers6]])))),2,1)) -> 0 | V12: =IF(Gares[[#This Row],[SensDe1]]=0,0,IF(ISERROR(FIND("$",Gares[[#This Row],[Vers1]]))*ISERROR(FIND("@",Gares[[#This Row],[Vers1]])),Gares[[#This Row],[SensDe1]],3-Gares[[#This Row],[SensDe1]])) -> 2 | W12: =IF(Gares[[#This Row],[SensDe2]]=0,0,IF(ISERROR(FIND("$",Gares[[#This Row],[Vers2]]))*ISERROR(FIND("@",Gares[[#This Row],[Vers2]])),Gares[[#This Row],[SensDe2]],3-Gares[[#This Row],[SensDe2]])) -> 1 | X12: =IF(Gares[[#This Row],[SensDe3]]=0,0,IF(ISERROR(FIND("$",Gares[[#This Row],[Vers3]]))*ISERROR(FIND("@",Gares[[#This Row],[Vers3]])),Gares[[#This Row],[SensDe3]],3-Gares[[#This Row],[SensDe3]])) -> 0 | Y12: =IF(Gares[[#This Row],[SensDe4]]=0,0,IF(ISERROR(FIND("$",Gares[[#This Row],[Vers4]]))*ISERROR(FIND("@",Gares[[#This Row],[Vers4]])),Gares[[#This Row],[SensDe4]],3-Gares[[#This Row],[SensDe4]])) -> 0 | Z12: =IF(Gares[[#This Row],[SensDe5]]=0,0,IF(ISERROR(FIND("$",Gares[[#This Row],[Vers5]]))*ISERROR(FIND("@",Gares[[#This Row],[Vers5]])),Gares[[#This Row],[SensDe5]],3-Gares[[#This Row],[SensDe5]])) -> 0 | AA12: =IF(Gares[[#This Row],[SensDe6]]=0,0,IF(ISERROR(FIND("$",Gares[[#This Row],[Vers6]]))*ISERROR(FIND("@",Gares[[#This Row],[Vers6]])),Gares[[#This Row],[SensDe6]],3-Gares[[#This Row],[SensDe6]])) -> 0
A13: NG | B13: La Norville Saint-Germain-lès-Arpajon | F13: =COUNTA($J13:$N13) -> 3 | G13: {=SUM(IF(SUBSTITUTE(SUBSTITUTE(SUBSTITUTE(OFFSET($J$3,0,0,ROWS(Gares[Vers1]),Param!$B$2),"&",""),"$",""),"@","")=$I13,1,0))} -> 3 | H13: =IF(F13=G13,1,0) -> 1 | I13: =Gares[[#This Row],[Abv]] -> NG | J13: BY | K13: =I12 -> ARP | L13: BY-GB | P13: =IF(Gares[[#This Row],[Vers1]]="",0,IF(_xlfn.XOR(ISERROR(MATCH(SUBSTITUTE(SUBSTITUTE(SUBSTITUTE(Gares[[#This Row],[Vers1]],"&",""),"$",""),"@",""),$I$2:$I12,0)),NOT(ISERROR(FIND("&",Gares[[#This Row],[Vers1]])))),2,1)) -> 2 | Q13: =IF(Gares[[#This Row],[Vers2]]="",0,IF(_xlfn.XOR(ISERROR(MATCH(SUBSTITUTE(SUBSTITUTE(SUBSTITUTE(Gares[[#This Row],[Vers2]],"&",""),"$",""),"@",""),$I$2:$I12,0)),NOT(ISERROR(FIND("&",Gares[[#This Row],[Vers2]])))),2,1)) -> 1 | R13: =IF(Gares[[#This Row],[Vers3]]="",0,IF(_xlfn.XOR(ISERROR(MATCH(SUBSTITUTE(SUBSTITUTE(SUBSTITUTE(Gares[[#This Row],[Vers3]],"&",""),"$",""),"@",""),$I$2:$I12,0)),NOT(ISERROR(FIND("&",Gares[[#This Row],[Vers3]])))),2,1)) -> 2 | S13: =IF(Gares[[#This Row],[Vers4]]="",0,IF(_xlfn.XOR(ISERROR(MATCH(SUBSTITUTE(SUBSTITUTE(SUBSTITUTE(Gares[[#This Row],[Vers4]],"&",""),"$",""),"@",""),$I$2:$I12,0)),NOT(ISERROR(FIND("&",Gares[[#This Row],[Vers4]])))),2,1)) -> 0 | T13: =IF(Gares[[#This Row],[Vers5]]="",0,IF(_xlfn.XOR(ISERROR(MATCH(SUBSTITUTE(SUBSTITUTE(SUBSTITUTE(Gares[[#This Row],[Vers5]],"&",""),"$",""),"@",""),$I$2:$I12,0)),NOT(ISERROR(FIND("&",Gares[[#This Row],[Vers5]])))),2,1)) -> 0 | U13: =IF(Gares[[#This Row],[Vers6]]="",0,IF(_xlfn.XOR(ISERROR(MATCH(SUBSTITUTE(SUBSTITUTE(SUBSTITUTE(Gares[[#This Row],[Vers6]],"&",""),"$",""),"@",""),$I$2:$I12,0)),NOT(ISERROR(FIND("&",Gares[[#This Row],[Vers6]])))),2,1)) -> 0 | V13: =IF(Gares[[#This Row],[SensDe1]]=0,0,IF(ISERROR(FIND("$",Gares[[#This Row],[Vers1]]))*ISERROR(FIND("@",Gares[[#This Row],[Vers1]])),Gares[[#This Row],[SensDe1]],3-Gares[[#This Row],[SensDe1]])) -> 2 | W13: =IF(Gares[[#This Row],[SensDe2]]=0,0,IF(ISERROR(FIND("$",Gares[[#This Row],[Vers2]]))*ISERROR(FIND("@",Gares[[#This Row],[Vers2]])),Gares[[#This Row],[SensDe2]],3-Gares[[#This Row],[SensDe2]])) -> 1 | X13: =IF(Gares[[#This Row],[SensDe3]]=0,0,IF(ISERROR(FIND("$",Gares[[#This Row],[Vers3]]))*ISERROR(FIND("@",Gares[[#This Row],[Vers3]])),Gares[[#This Row],[SensDe3]],3-Gares[[#This Row],[SensDe3]])) -> 2 | Y13: =IF(Gares[[#This Row],[SensDe4]]=0,0,IF(ISERROR(FIND("$",Gares[[#This Row],[Vers4]]))*ISERROR(FIND("@",Gares[[#This Row],[Vers4]])),Gares[[#This Row],[SensDe4]],3-Gares[[#This Row],[SensDe4]])) -> 0 | Z13: =IF(Gares[[#This Row],[SensDe5]]=0,0,IF(ISERROR(FIND("$",Gares[[#This Row],[Vers5]]))*ISERROR(FIND("@",Gares[[#This Row],[Vers5]])),Gares[[#This Row],[SensDe5]],3-Gares[[#This Row],[SensDe5]])) -> 0 | AA13: =IF(Gares[[#This Row],[SensDe6]]=0,0,IF(ISERROR(FIND("$",Gares[[#This Row],[Vers6]]))*ISERROR(FIND("@",Gares[[#This Row],[Vers6]])),Gares[[#This Row],[SensDe6]],3-Gares[[#This Row],[SensDe6]])) -> 0
A14: SME | B14: Saint-Martin d'Etampes | D14: I | F14: =COUNTA($J14:$N14) -> 1 | G14: {=SUM(IF(SUBSTITUTE(SUBSTITUTE(SUBSTITUTE(OFFSET($J$3,0,0,ROWS(Gares[Vers1]),Param!$B$2),"&",""),"$",""),"@","")=$I14,1,0))} -> 1 | H14: =IF(F14=G14,1,0) -> 1 | I14: =Gares[[#This Row],[Abv]] -> SME | J14: =I15 -> ETP | P14: =IF(Gares[[#This Row],[Vers1]]="",0,IF(_xlfn.XOR(ISERROR(MATCH(SUBSTITUTE(SUBSTITUTE(SUBSTITUTE(Gares[[#This Row],[Vers1]],"&",""),"$",""),"@",""),$I$2:$I13,0)),NOT(ISERROR(FIND("&",Gares[[#This Row],[Vers1]])))),2,1)) -> 2 | Q14: =IF(Gares[[#This Row],[Vers2]]="",0,IF(_xlfn.XOR(ISERROR(MATCH(SUBSTITUTE(SUBSTITUTE(SUBSTITUTE(Gares[[#This Row],[Vers2]],"&",""),"$",""),"@",""),$I$2:$I13,0)),NOT(ISERROR(FIND("&",Gares[[#This Row],[Vers2]])))),2,1)) -> 0 | R14: =IF(Gares[[#This Row],[Vers3]]="",0,IF(_xlfn.XOR(ISERROR(MATCH(SUBSTITUTE(SUBSTITUTE(SUBSTITUTE(Gares[[#This Row],[Vers3]],"&",""),"$",""),"@",""),$I$2:$I13,0)),NOT(ISERROR(FIND("&",Gares[[#This Row],[Vers3]])))),2,1)) -> 0 | S14: =IF(Gares[[#This Row],[Vers4]]="",0,IF(_xlfn.XOR(ISERROR(MATCH(SUBSTITUTE(SUBSTITUTE(SUBSTITUTE(Gares[[#This Row],[Vers4]],"&",""),"$",""),"@",""),$I$2:$I13,0)),NOT(ISERROR(FIND("&",Gares[[#This Row],[Vers4]])))),2,1)) -> 0 | T14: =IF(Gares[[#This Row],[Vers5]]="",0,IF(_xlfn.XOR(ISERROR(MATCH(SUBSTITUTE(SUBSTITUTE(SUBSTITUTE(Gares[[#This Row],[Vers5]],"&",""),"$",""),"@",""),$I$2:$I13,0)),NOT(ISERROR(FIND("&",Gares[[#This Row],[Vers5]])))),2,1)) -> 0 | U14: =IF(Gares[[#This Row],[Vers6]]="",0,IF(_xlfn.XOR(ISERROR(MATCH(SUBSTITUTE(SUBSTITUTE(SUBSTITUTE(Gares[[#This Row],[Vers6]],"&",""),"$",""),"@",""),$I$2:$I13,0)),NOT(ISERROR(FIND("&",Gares[[#This Row],[Vers6]])))),2,1)) -> 0 | V14: =IF(Gares[[#This Row],[SensDe1]]=0,0,IF(ISERROR(FIND("$",Gares[[#This Row],[Vers1]]))*ISERROR(FIND("@",Gares[[#This Row],[Vers1]])),Gares[[#This Row],[SensDe1]],3-Gares[[#This Row],[SensDe1]])) -> 2 | W14: =IF(Gares[[#This Row],[SensDe2]]=0,0,IF(ISERROR(FIND("$",Gares[[#This Row],[Vers2]]))*ISERROR(FIND("@",Gares[[#This Row],[Vers2]])),Gares[[#This Row],[SensDe2]],3-Gares[[#This Row],[SensDe2]])) -> 0 | X14: =IF(Gares[[#This Row],[SensDe3]]=0,0,IF(ISERROR(FIND("$",Gares[[#This Row],[Vers3]]))*ISERROR(FIND("@",Gares[[#This Row],[Vers3]])),Gares[[#This Row],[SensDe3]],3-Gares[[#This Row],[SensDe3]])) -> 0 | Y14: =IF(Gares[[#This Row],[SensDe4]]=0,0,IF(ISERROR(FIND("$",Gares[[#This Row],[Vers4]]))*ISERROR(FIND("@",Gares[[#This Row],[Vers4]])),Gares[[#This Row],[SensDe4]],3-Gares[[#This Row],[SensDe4]])) -> 0 | Z14: =IF(Gares[[#This Row],[SensDe5]]=0,0,IF(ISERROR(FIND("$",Gares[[#This Row],[Vers5]]))*ISERROR(FIND("@",Gares[[#This Row],[Vers5]])),Gares[[#This Row],[SensDe5]],3-Gares[[#This Row],[SensDe5]])) -> 0 | AA14: =IF(Gares[[#This Row],[SensDe6]]=0,0,IF(ISERROR(FIND("$",Gares[[#This Row],[Vers6]]))*ISERROR(FIND("@",Gares[[#This Row],[Vers6]])),Gares[[#This Row],[SensDe6]],3-Gares[[#This Row],[SensDe6]])) -> 0
A15: ETP | B15: Etampes | D15: I | F15: =COUNTA($J15:$N15) -> 3 | G15: {=SUM(IF(SUBSTITUTE(SUBSTITUTE(SUBSTITUTE(OFFSET($J$3,0,0,ROWS(Gares[Vers1]),Param!$B$2),"&",""),"$",""),"@","")=$I15,1,0))} -> 3 | H15: =IF(F15=G15,1,0) -> 1 | I15: =Gares[[#This Row],[Abv]] -> ETP | J15: ETY | K15: SME | L15: ETP-GM | P15: =IF(Gares[[#This Row],[Vers1]]="",0,IF(_xlfn.XOR(ISERROR(MATCH(SUBSTITUTE(SUBSTITUTE(SUBSTITUTE(Gares[[#This Row],[Vers1]],"&",""),"$",""),"@",""),$I$2:$I14,0)),NOT(ISERROR(FIND("&",Gares[[#This Row],[Vers1]])))),2,1)) -> 2 | Q15: =IF(Gares[[#This Row],[Vers2]]="",0,IF(_xlfn.XOR(ISERROR(MATCH(SUBSTITUTE(SUBSTITUTE(SUBSTITUTE(Gares[[#This Row],[Vers2]],"&",""),"$",""),"@",""),$I$2:$I14,0)),NOT(ISERROR(FIND("&",Gares[[#This Row],[Vers2]])))),2,1)) -> 1 | R15: =IF(Gares[[#This Row],[Vers3]]="",0,IF(_xlfn.XOR(ISERROR(MATCH(SUBSTITUTE(SUBSTITUTE(SUBSTITUTE(Gares[[#This Row],[Vers3]],"&",""),"$",""),"@",""),$I$2:$I14,0)),NOT(ISERROR(FIND("&",Gares[[#This Row],[Vers3]])))),2,1)) -> 2 | S15: =IF(Gares[[#This Row],[Vers4]]="",0,IF(_xlfn.XOR(ISERROR(MATCH(SUBSTITUTE(SUBSTITUTE(SUBSTITUTE(Gares[[#This Row],[Vers4]],"&",""),"$",""),"@",""),$I$2:$I14,0)),NOT(ISERROR(FIND("&",Gares[[#This Row],[Vers4]])))),2,1)) -> 0 | T15: =IF(Gares[[#This Row],[Vers5]]="",0,IF(_xlfn.XOR(ISERROR(MATCH(SUBSTITUTE(SUBSTITUTE(SUBSTITUTE(Gares[[#This Row],[Vers5]],"&",""),"$",""),"@",""),$I$2:$I14,0)),NOT(ISERROR(FIND("&",Gares[[#This Row],[Vers5]])))),2,1)) -> 0 | U15: =IF(Gares[[#This Row],[Vers6]]="",0,IF(_xlfn.XOR(ISERROR(MATCH(SUBSTITUTE(SUBSTITUTE(SUBSTITUTE(Gares[[#This Row],[Vers6]],"&",""),"$",""),"@",""),$I$2:$I14,0)),NOT(ISERROR(FIND("&",Gares[[#This Row],[Vers6]])))),2,1)) -> 0 | V15: =IF(Gares[[#This Row],[SensDe1]]=0,0,IF(ISERROR(FIND("$",Gares[[#This Row],[Vers1]]))*ISERROR(FIND("@",Gares[[#This Row],[Vers1]])),Gares[[#This Row],[SensDe1]],3-Gares[[#This Row],[SensDe1]])) -> 2 | W15: =IF(Gares[[#This Row],[SensDe2]]=0,0,IF(ISERROR(FIND("$",Gares[[#This Row],[Vers2]]))*ISERROR(FIND("@",Gares[[#This Row],[Vers2]])),Gares[[#This Row],[SensDe2]],3-Gares[[#This Row],[SensDe2]])) -> 1 | X15: =IF(Gares[[#This Row],[SensDe3]]=0,0,IF(ISERROR(FIND("$",Gares[[#This Row],[Vers3]]))*ISERROR(FIND("@",Gares[[#This Row],[Vers3]])),Gares[[#This Row],[SensDe3]],3-Gares[[#This Row],[SensDe3]])) -> 2 | Y15: =IF(Gares[[#This Row],[SensDe4]]=0,0,IF(ISERROR(FIND("$",Gares[[#This Row],[Vers4]]))*ISERROR(FIND("@",Gares[[#This Row],[Vers4]])),Gares[[#This Row],[SensDe4]],3-Gares[[#This Row],[SensDe4]])) -> 0 | Z15: =IF(Gares[[#This Row],[SensDe5]]=0,0,IF(ISERROR(FIND("$",Gares[[#This Row],[Vers5]]))*ISERROR(FIND("@",Gares[[#This Row],[Vers5]])),Gares[[#This Row],[SensDe5]],3-Gares[[#This Row],[SensDe5]])) -> 0 | AA15: =IF(Gares[[#This Row],[SensDe6]]=0,0,IF(ISERROR(FIND("$",Gares[[#This Row],[Vers6]]))*ISERROR(FIND("@",Gares[[#This Row],[Vers6]])),Gares[[#This Row],[SensDe6]],3-Gares[[#This Row],[SensDe6]])) -> 0
A16: ETP-GM | B16: Etampes - Garages | D16: IP | F16: =COUNTA($J16:$N16) -> 2 | G16: {=SUM(IF(SUBSTITUTE(SUBSTITUTE(SUBSTITUTE(OFFSET($J$3,0,0,ROWS(Gares[Vers1]),Param!$B$2),"&",""),"$",""),"@","")=$I16,1,0))} -> 2 | H16: =IF(F16=G16,1,0) -> 1 | I16: =Gares[[#This Row],[Abv]] -> ETP-GM | J16: =I17 -> ETY | K16: ETP | P16: =IF(Gares[[#This Row],[Vers1]]="",0,IF(_xlfn.XOR(ISERROR(MATCH(SUBSTITUTE(SUBSTITUTE(SUBSTITUTE(Gares[[#This Row],[Vers1]],"&",""),"$",""),"@",""),$I$2:$I15,0)),NOT(ISERROR(FIND("&",Gares[[#This Row],[Vers1]])))),2,1)) -> 2 | Q16: =IF(Gares[[#This Row],[Vers2]]="",0,IF(_xlfn.XOR(ISERROR(MATCH(SUBSTITUTE(SUBSTITUTE(SUBSTITUTE(Gares[[#This Row],[Vers2]],"&",""),"$",""),"@",""),$I$2:$I15,0)),NOT(ISERROR(FIND("&",Gares[[#This Row],[Vers2]])))),2,1)) -> 1 | R16: =IF(Gares[[#This Row],[Vers3]]="",0,IF(_xlfn.XOR(ISERROR(MATCH(SUBSTITUTE(SUBSTITUTE(SUBSTITUTE(Gares[[#This Row],[Vers3]],"&",""),"$",""),"@",""),$I$2:$I15,0)),NOT(ISERROR(FIND("&",Gares[[#This Row],[Vers3]])))),2,1)) -> 0 | S16: =IF(Gares[[#This Row],[Vers4]]="",0,IF(_xlfn.XOR(ISERROR(MATCH(SUBSTITUTE(SUBSTITUTE(SUBSTITUTE(Gares[[#This Row],[Vers4]],"&",""),"$",""),"@",""),$I$2:$I15,0)),NOT(ISERROR(FIND("&",Gares[[#This Row],[Vers4]])))),2,1)) -> 0 | T16: =IF(Gares[[#This Row],[Vers5]]="",0,IF(_xlfn.XOR(ISERROR(MATCH(SUBSTITUTE(SUBSTITUTE(SUBSTITUTE(Gares[[#This Row],[Vers5]],"&",""),"$",""),"@",""),$I$2:$I15,0)),NOT(ISERROR(FIND("&",Gares[[#This Row],[Vers5]])))),2,1)) -> 0 | U16: =IF(Gares[[#This Row],[Vers6]]="",0,IF(_xlfn.XOR(ISERROR(MATCH(SUBSTITUTE(SUBSTITUTE(SUBSTITUTE(Gares[[#This Row],[Vers6]],"&",""),"$",""),"@",""),$I$2:$I15,0)),NOT(ISERROR(FIND("&",Gares[[#This Row],[Vers6]])))),2,1)) -> 0 | V16: =IF(Gares[[#This Row],[SensDe1]]=0,0,IF(ISERROR(FIND("$",Gares[[#This Row],[Vers1]]))*ISERROR(FIND("@",Gares[[#This Row],[Vers1]])),Gares[[#This Row],[SensDe1]],3-Gares[[#This Row],[SensDe1]])) -> 2 | W16: =IF(Gares[[#This Row],[SensDe2]]=0,0,IF(ISERROR(FIND("$",Gares[[#This Row],[Vers2]]))*ISERROR(FIND("@",Gares[[#This Row],[Vers2]])),Gares[[#This Row],[SensDe2]],3-Gares[[#This Row],[SensDe2]])) -> 1 | X16: =IF(Gares[[#This Row],[SensDe3]]=0,0,IF(ISERROR(FIND("$",Gares[[#This Row],[Vers3]]))*ISERROR(FIND("@",Gares[[#This Row],[Vers3]])),Gares[[#This Row],[SensDe3]],3-Gares[[#This Row],[SensDe3]])) -> 0 | Y16: =IF(Gares[[#This Row],[SensDe4]]=0,0,IF(ISERROR(FIND("$",Gares[[#This Row],[Vers4]]))*ISERROR(FIND("@",Gares[[#This Row],[Vers4]])),Gares[[#This Row],[SensDe4]],3-Gares[[#This Row],[SensDe4]])) -> 0 | Z16: =IF(Gares[[#This Row],[SensDe5]]=0,0,IF(ISERROR(FIND("$",Gares[[#This Row],[Vers5]]))*ISERROR(FIND("@",Gares[[#This Row],[Vers5]])),Gares[[#This Row],[SensDe5]],3-Gares[[#This Row],[SensDe5]])) -> 0 | AA16: =IF(Gares[[#This Row],[SensDe6]]=0,0,IF(ISERROR(FIND("$",Gares[[#This Row],[Vers6]]))*ISERROR(FIND("@",Gares[[#This Row],[Vers6]])),Gares[[#This Row],[SensDe6]],3-Gares[[#This Row],[SensDe6]])) -> 0
A17: ETY | B17: Etréchy | F17: =COUNTA($J17:$N17) -> 3 | G17: {=SUM(IF(SUBSTITUTE(SUBSTITUTE(SUBSTITUTE(OFFSET($J$3,0,0,ROWS(Gares[Vers1]),Param!$B$2),"&",""),"$",""),"@","")=$I17,1,0))} -> 3 | H17: =IF(F17=G17,1,0) -> 1 | I17: =Gares[[#This Row],[Abv]] -> ETY | J17: =I18 -> CHK | K17: ETP | L17: ETP-GM | P17: =IF(Gares[[#This Row],[Vers1]]="",0,IF(_xlfn.XOR(ISERROR(MATCH(SUBSTITUTE(SUBSTITUTE(SUBSTITUTE(Gares[[#This Row],[Vers1]],"&",""),"$",""),"@",""),$I$2:$I16,0)),NOT(ISERROR(FIND("&",Gares[[#This Row],[Vers1]])))),2,1)) -> 2 | Q17: =IF(Gares[[#This Row],[Vers2]]="",0,IF(_xlfn.XOR(ISERROR(MATCH(SUBSTITUTE(SUBSTITUTE(SUBSTITUTE(Gares[[#This Row],[Vers2]],"&",""),"$",""),"@",""),$I$2:$I16,0)),NOT(ISERROR(FIND("&",Gares[[#This Row],[Vers2]])))),2,1)) -> 1 | R17: =IF(Gares[[#This Row],[Vers3]]="",0,IF(_xlfn.XOR(ISERROR(MATCH(SUBSTITUTE(SUBSTITUTE(SUBSTITUTE(Gares[[#This Row],[Vers3]],"&",""),"$",""),"@",""),$I$2:$I16,0)),NOT(ISERROR(FIND("&",Gares[[#This Row],[Vers3]])))),2,1)) -> 1 | S17: =IF(Gares[[#This Row],[Vers4]]="",0,IF(_xlfn.XOR(ISERROR(MATCH(SUBSTITUTE(SUBSTITUTE(SUBSTITUTE(Gares[[#This Row],[Vers4]],"&",""),"$",""),"@",""),$I$2:$I16,0)),NOT(ISERROR(FIND("&",Gares[[#This Row],[Vers4]])))),2,1)) -> 0 | T17: =IF(Gares[[#This Row],[Vers5]]="",0,IF(_xlfn.XOR(ISERROR(MATCH(SUBSTITUTE(SUBSTITUTE(SUBSTITUTE(Gares[[#This Row],[Vers5]],"&",""),"$",""),"@",""),$I$2:$I16,0)),NOT(ISERROR(FIND("&",Gares[[#This Row],[Vers5]])))),2,1)) -> 0 | U17: =IF(Gares[[#This Row],[Vers6]]="",0,IF(_xlfn.XOR(ISERROR(MATCH(SUBSTITUTE(SUBSTITUTE(SUBSTITUTE(Gares[[#This Row],[Vers6]],"&",""),"$",""),"@",""),$I$2:$I16,0)),NOT(ISERROR(FIND("&",Gares[[#This Row],[Vers6]])))),2,1)) -> 0 | V17: =IF(Gares[[#This Row],[SensDe1]]=0,0,IF(ISERROR(FIND("$",Gares[[#This Row],[Vers1]]))*ISERROR(FIND("@",Gares[[#This Row],[Vers1]])),Gares[[#This Row],[SensDe1]],3-Gares[[#This Row],[SensDe1]])) -> 2 | W17: =IF(Gares[[#This Row],[SensDe2]]=0,0,IF(ISERROR(FIND("$",Gares[[#This Row],[Vers2]]))*ISERROR(FIND("@",Gares[[#This Row],[Vers2]])),Gares[[#This Row],[SensDe2]],3-Gares[[#This Row],[SensDe2]])) -> 1 | X17: =IF(Gares[[#This Row],[SensDe3]]=0,0,IF(ISERROR(FIND("$",Gares[[#This Row],[Vers3]]))*ISERROR(FIND("@",Gares[[#This Row],[Vers3]])),Gares[[#This Row],[SensDe3]],3-Gares[[#This Row],[SensDe3]])) -> 1 | Y17: =IF(Gares[[#This Row],[SensDe4]]=0,0,IF(ISERROR(FIND("$",Gares[[#This Row],[Vers4]]))*ISERROR(FIND("@",Gares[[#This Row],[Vers4]])),Gares[[#This Row],[SensDe4]],3-Gares[[#This Row],[SensDe4]])) -> 0 | Z17: =IF(Gares[[#This Row],[SensDe5]]=0,0,IF(ISERROR(FIND("$",Gares[[#This Row],[Vers5]]))*ISERROR(FIND("@",Gares[[#This Row],[Vers5]])),Gares[[#This Row],[SensDe5]],3-Gares[[#This Row],[SensDe5]])) -> 0 | AA17: =IF(Gares[[#This Row],[SensDe6]]=0,0,IF(ISERROR(FIND("$",Gares[[#This Row],[Vers6]]))*ISERROR(FIND("@",Gares[[#This Row],[Vers6]])),Gares[[#This Row],[SensDe6]],3-Gares[[#This Row],[SensDe6]])) -> 0
A18: CHK | B18: Chamarande | F18: =COUNTA($J18:$N18) -> 2 | G18: {=SUM(IF(SUBSTITUTE(SUBSTITUTE(SUBSTITUTE(OFFSET($J$3,0,0,ROWS(Gares[Vers1]),Param!$B$2),"&",""),"$",""),"@","")=$I18,1,0))} -> 2 | H18: =IF(F18=G18,1,0) -> 1 | I18: =Gares[[#This Row],[Abv]] -> CHK | J18: =I19 -> LYO | K18: =I17 -> ETY | P18: =IF(Gares[[#This Row],[Vers1]]="",0,IF(_xlfn.XOR(ISERROR(MATCH(SUBSTITUTE(SUBSTITUTE(SUBSTITUTE(Gares[[#This Row],[Vers1]],"&",""),"$",""),"@",""),$I$2:$I17,0)),NOT(ISERROR(FIND("&",Gares[[#This Row],[Vers1]])))),2,1)) -> 2 | Q18: =IF(Gares[[#This Row],[Vers2]]="",0,IF(_xlfn.XOR(ISERROR(MATCH(SUBSTITUTE(SUBSTITUTE(SUBSTITUTE(Gares[[#This Row],[Vers2]],"&",""),"$",""),"@",""),$I$2:$I17,0)),NOT(ISERROR(FIND("&",Gares[[#This Row],[Vers2]])))),2,1)) -> 1 | R18: =IF(Gares[[#This Row],[Vers3]]="",0,IF(_xlfn.XOR(ISERROR(MATCH(SUBSTITUTE(SUBSTITUTE(SUBSTITUTE(Gares[[#This Row],[Vers3]],"&",""),"$",""),"@",""),$I$2:$I17,0)),NOT(ISERROR(FIND("&",Gares[[#This Row],[Vers3]])))),2,1)) -> 0 | S18: =IF(Gares[[#This Row],[Vers4]]="",0,IF(_xlfn.XOR(ISERROR(MATCH(SUBSTITUTE(SUBSTITUTE(SUBSTITUTE(Gares[[#This Row],[Vers4]],"&",""),"$",""),"@",""),$I$2:$I17,0)),NOT(ISERROR(FIND("&",Gares[[#This Row],[Vers4]])))),2,1)) -> 0 | T18: =IF(Gares[[#This Row],[Vers5]]="",0,IF(_xlfn.XOR(ISERROR(MATCH(SUBSTITUTE(SUBSTITUTE(SUBSTITUTE(Gares[[#This Row],[Vers5]],"&",""),"$",""),"@",""),$I$2:$I17,0)),NOT(ISERROR(FIND("&",Gares[[#This Row],[Vers5]])))),2,1)) -> 0 | U18: =IF(Gares[[#This Row],[Vers6]]="",0,IF(_xlfn.XOR(ISERROR(MATCH(SUBSTITUTE(SUBSTITUTE(SUBSTITUTE(Gares[[#This Row],[Vers6]],"&",""),"$",""),"@",""),$I$2:$I17,0)),NOT(ISERROR(FIND("&",Gares[[#This Row],[Vers6]])))),2,1)) -> 0 | V18: =IF(Gares[[#This Row],[SensDe1]]=0,0,IF(ISERROR(FIND("$",Gares[[#This Row],[Vers1]]))*ISERROR(FIND("@",Gares[[#This Row],[Vers1]])),Gares[[#This Row],[SensDe1]],3-Gares[[#This Row],[SensDe1]])) -> 2 | W18: =IF(Gares[[#This Row],[SensDe2]]=0,0,IF(ISERROR(FIND("$",Gares[[#This Row],[Vers2]]))*ISERROR(FIND("@",Gares[[#This Row],[Vers2]])),Gares[[#This Row],[SensDe2]],3-Gares[[#This Row],[SensDe2]])) -> 1 | X18: =IF(Gares[[#This Row],[SensDe3]]=0,0,IF(ISERROR(FIND("$",Gares[[#This Row],[Vers3]]))*ISERROR(FIND("@",Gares[[#This Row],[Vers3]])),Gares[[#This Row],[SensDe3]],3-Gares[[#This Row],[SensDe3]])) -> 0 | Y18: =IF(Gares[[#This Row],[SensDe4]]=0,0,IF(ISERROR(FIND("$",Gares[[#This Row],[Vers4]]))*ISERROR(FIND("@",Gares[[#This Row],[Vers4]])),Gares[[#This Row],[SensDe4]],3-Gares[[#This Row],[SensDe4]])) -> 0 | Z18: =IF(Gares[[#This Row],[SensDe5]]=0,0,IF(ISERROR(FIND("$",Gares[[#This Row],[Vers5]]))*ISERROR(FIND("@",Gares[[#This Row],[Vers5]])),Gares[[#This Row],[SensDe5]],3-Gares[[#This Row],[SensDe5]])) -> 0 | AA18: =IF(Gares[[#This Row],[SensDe6]]=0,0,IF(ISERROR(FIND("$",Gares[[#This Row],[Vers6]]))*ISERROR(FIND("@",Gares[[#This Row],[Vers6]])),Gares[[#This Row],[SensDe6]],3-Gares[[#This Row],[SensDe6]])) -> 0
A19: LYO | B19: Lardy | F19: =COUNTA($J19:$N19) -> 2 | G19: {=SUM(IF(SUBSTITUTE(SUBSTITUTE(SUBSTITUTE(OFFSET($J$3,0,0,ROWS(Gares[Vers1]),Param!$B$2),"&",""),"$",""),"@","")=$I19,1,0))} -> 2 | H19: =IF(F19=G19,1,0) -> 1 | I19: =Gares[[#This Row],[Abv]] -> LYO | J19: =I20 -> BSO | K19: =I18 -> CHK | P19: =IF(Gares[[#This Row],[Vers1]]="",0,IF(_xlfn.XOR(ISERROR(MATCH(SUBSTITUTE(SUBSTITUTE(SUBSTITUTE(Gares[[#This Row],[Vers1]],"&",""),"$",""),"@",""),$I$2:$I18,0)),NOT(ISERROR(FIND("&",Gares[[#This Row],[Vers1]])))),2,1)) -> 2 | Q19: =IF(Gares[[#This Row],[Vers2]]="",0,IF(_xlfn.XOR(ISERROR(MATCH(SUBSTITUTE(SUBSTITUTE(SUBSTITUTE(Gares[[#This Row],[Vers2]],"&",""),"$",""),"@",""),$I$2:$I18,0)),NOT(ISERROR(FIND("&",Gares[[#This Row],[Vers2]])))),2,1)) -> 1 | R19: =IF(Gares[[#This Row],[Vers3]]="",0,IF(_xlfn.XOR(ISERROR(MATCH(SUBSTITUTE(SUBSTITUTE(SUBSTITUTE(Gares[[#This Row],[Vers3]],"&",""),"$",""),"@",""),$I$2:$I18,0)),NOT(ISERROR(FIND("&",Gares[[#This Row],[Vers3]])))),2,1)) -> 0 | S19: =IF(Gares[[#This Row],[Vers4]]="",0,IF(_xlfn.XOR(ISERROR(MATCH(SUBSTITUTE(SUBSTITUTE(SUBSTITUTE(Gares[[#This Row],[Vers4]],"&",""),"$",""),"@",""),$I$2:$I18,0)),NOT(ISERROR(FIND("&",Gares[[#This Row],[Vers4]])))),2,1)) -> 0 | T19: =IF(Gares[[#This Row],[Vers5]]="",0,IF(_xlfn.XOR(ISERROR(MATCH(SUBSTITUTE(SUBSTITUTE(SUBSTITUTE(Gares[[#This Row],[Vers5]],"&",""),"$",""),"@",""),$I$2:$I18,0)),NOT(ISERROR(FIND("&",Gares[[#This Row],[Vers5]])))),2,1)) -> 0 | U19: =IF(Gares[[#This Row],[Vers6]]="",0,IF(_xlfn.XOR(ISERROR(MATCH(SUBSTITUTE(SUBSTITUTE(SUBSTITUTE(Gares[[#This Row],[Vers6]],"&",""),"$",""),"@",""),$I$2:$I18,0)),NOT(ISERROR(FIND("&",Gares[[#This Row],[Vers6]])))),2,1)) -> 0 | V19: =IF(Gares[[#This Row],[SensDe1]]=0,0,IF(ISERROR(FIND("$",Gares[[#This Row],[Vers1]]))*ISERROR(FIND("@",Gares[[#This Row],[Vers1]])),Gares[[#This Row],[SensDe1]],3-Gares[[#This Row],[SensDe1]])) -> 2 | W19: =IF(Gares[[#This Row],[SensDe2]]=0,0,IF(ISERROR(FIND("$",Gares[[#This Row],[Vers2]]))*ISERROR(FIND("@",Gares[[#This Row],[Vers2]])),Gares[[#This Row],[SensDe2]],3-Gares[[#This Row],[SensDe2]])) -> 1 | X19: =IF(Gares[[#This Row],[SensDe3]]=0,0,IF(ISERROR(FIND("$",Gares[[#This Row],[Vers3]]))*ISERROR(FIND("@",Gares[[#This Row],[Vers3]])),Gares[[#This Row],[SensDe3]],3-Gares[[#This Row],[SensDe3]])) -> 0 | Y19: =IF(Gares[[#This Row],[SensDe4]]=0,0,IF(ISERROR(FIND("$",Gares[[#This Row],[Vers4]]))*ISERROR(FIND("@",Gares[[#This Row],[Vers4]])),Gares[[#This Row],[SensDe4]],3-Gares[[#This Row],[SensDe4]])) -> 0 | Z19: =IF(Gares[[#This Row],[SensDe5]]=0,0,IF(ISERROR(FIND("$",Gares[[#This Row],[Vers5]]))*ISERROR(FIND("@",Gares[[#This Row],[Vers5]])),Gares[[#This Row],[SensDe5]],3-Gares[[#This Row],[SensDe5]])) -> 0 | AA19: =IF(Gares[[#This Row],[SensDe6]]=0,0,IF(ISERROR(FIND("$",Gares[[#This Row],[Vers6]]))*ISERROR(FIND("@",Gares[[#This Row],[Vers6]])),Gares[[#This Row],[SensDe6]],3-Gares[[#This Row],[SensDe6]])) -> 0
A20: BSO | B20: Bouray | F20: =COUNTA($J20:$N20) -> 2 | G20: {=SUM(IF(SUBSTITUTE(SUBSTITUTE(SUBSTITUTE(OFFSET($J$3,0,0,ROWS(Gares[Vers1]),Param!$B$2),"&",""),"$",""),"@","")=$I20,1,0))} -> 2 | H20: =IF(F20=G20,1,0) -> 1 | I20: =Gares[[#This Row],[Abv]] -> BSO | J20: =I21 -> MSX | K20: =I19 -> LYO | P20: =IF(Gares[[#This Row],[Vers1]]="",0,IF(_xlfn.XOR(ISERROR(MATCH(SUBSTITUTE(SUBSTITUTE(SUBSTITUTE(Gares[[#This Row],[Vers1]],"&",""),"$",""),"@",""),$I$2:$I19,0)),NOT(ISERROR(FIND("&",Gares[[#This Row],[Vers1]])))),2,1)) -> 2 | Q20: =IF(Gares[[#This Row],[Vers2]]="",0,IF(_xlfn.XOR(ISERROR(MATCH(SUBSTITUTE(SUBSTITUTE(SUBSTITUTE(Gares[[#This Row],[Vers2]],"&",""),"$",""),"@",""),$I$2:$I19,0)),NOT(ISERROR(FIND("&",Gares[[#This Row],[Vers2]])))),2,1)) -> 1 | R20: =IF(Gares[[#This Row],[Vers3]]="",0,IF(_xlfn.XOR(ISERROR(MATCH(SUBSTITUTE(SUBSTITUTE(SUBSTITUTE(Gares[[#This Row],[Vers3]],"&",""),"$",""),"@",""),$I$2:$I19,0)),NOT(ISERROR(FIND("&",Gares[[#This Row],[Vers3]])))),2,1)) -> 0 | S20: =IF(Gares[[#This Row],[Vers4]]="",0,IF(_xlfn.XOR(ISERROR(MATCH(SUBSTITUTE(SUBSTITUTE(SUBSTITUTE(Gares[[#This Row],[Vers4]],"&",""),"$",""),"@",""),$I$2:$I19,0)),NOT(ISERROR(FIND("&",Gares[[#This Row],[Vers4]])))),2,1)) -> 0 | T20: =IF(Gares[[#This Row],[Vers5]]="",0,IF(_xlfn.XOR(ISERROR(MATCH(SUBSTITUTE(SUBSTITUTE(SUBSTITUTE(Gares[[#This Row],[Vers5]],"&",""),"$",""),"@",""),$I$2:$I19,0)),NOT(ISERROR(FIND("&",Gares[[#This Row],[Vers5]])))),2,1)) -> 0 | U20: =IF(Gares[[#This Row],[Vers6]]="",0,IF(_xlfn.XOR(ISERROR(MATCH(SUBSTITUTE(SUBSTITUTE(SUBSTITUTE(Gares[[#This Row],[Vers6]],"&",""),"$",""),"@",""),$I$2:$I19,0)),NOT(ISERROR(FIND("&",Gares[[#This Row],[Vers6]])))),2,1)) -> 0 | V20: =IF(Gares[[#This Row],[SensDe1]]=0,0,IF(ISERROR(FIND("$",Gares[[#This Row],[Vers1]]))*ISERROR(FIND("@",Gares[[#This Row],[Vers1]])),Gares[[#This Row],[SensDe1]],3-Gares[[#This Row],[SensDe1]])) -> 2 | W20: =IF(Gares[[#This Row],[SensDe2]]=0,0,IF(ISERROR(FIND("$",Gares[[#This Row],[Vers2]]))*ISERROR(FIND("@",Gares[[#This Row],[Vers2]])),Gares[[#This Row],[SensDe2]],3-Gares[[#This Row],[SensDe2]])) -> 1 | X20: =IF(Gares[[#This Row],[SensDe3]]=0,0,IF(ISERROR(FIND("$",Gares[[#This Row],[Vers3]]))*ISERROR(FIND("@",Gares[[#This Row],[Vers3]])),Gares[[#This Row],[SensDe3]],3-Gares[[#This Row],[SensDe3]])) -> 0 | Y20: =IF(Gares[[#This Row],[SensDe4]]=0,0,IF(ISERROR(FIND("$",Gares[[#This Row],[Vers4]]))*ISERROR(FIND("@",Gares[[#This Row],[Vers4]])),Gares[[#This Row],[SensDe4]],3-Gares[[#This Row],[SensDe4]])) -> 0 | Z20: =IF(Gares[[#This Row],[SensDe5]]=0,0,IF(ISERROR(FIND("$",Gares[[#This Row],[Vers5]]))*ISERROR(FIND("@",Gares[[#This Row],[Vers5]])),Gares[[#This Row],[SensDe5]],3-Gares[[#This Row],[SensDe5]])) -> 0 | AA20: =IF(Gares[[#This Row],[SensDe6]]=0,0,IF(ISERROR(FIND("$",Gares[[#This Row],[Vers6]]))*ISERROR(FIND("@",Gares[[#This Row],[Vers6]])),Gares[[#This Row],[SensDe6]],3-Gares[[#This Row],[SensDe6]])) -> 0
A21: MSX | B21: Marolles-en-Hurepoix | F21: =COUNTA($J21:$N21) -> 3 | G21: {=SUM(IF(SUBSTITUTE(SUBSTITUTE(SUBSTITUTE(OFFSET($J$3,0,0,ROWS(Gares[Vers1]),Param!$B$2),"&",""),"$",""),"@","")=$I21,1,0))} -> 3 | H21: =IF(F21=G21,1,0) -> 1 | I21: =Gares[[#This Row],[Abv]] -> MSX | J21: BY | K21: =I20 -> BSO | L21: BY-GB | P21: =IF(Gares[[#This Row],[Vers1]]="",0,IF(_xlfn.XOR(ISERROR(MATCH(SUBSTITUTE(SUBSTITUTE(SUBSTITUTE(Gares[[#This Row],[Vers1]],"&",""),"$",""),"@",""),$I$2:$I20,0)),NOT(ISERROR(FIND("&",Gares[[#This Row],[Vers1]])))),2,1)) -> 2 | Q21: =IF(Gares[[#This Row],[Vers2]]="",0,IF(_xlfn.XOR(ISERROR(MATCH(SUBSTITUTE(SUBSTITUTE(SUBSTITUTE(Gares[[#This Row],[Vers2]],"&",""),"$",""),"@",""),$I$2:$I20,0)),NOT(ISERROR(FIND("&",Gares[[#This Row],[Vers2]])))),2,1)) -> 1 | R21: =IF(Gares[[#This Row],[Vers3]]="",0,IF(_xlfn.XOR(ISERROR(MATCH(SUBSTITUTE(SUBSTITUTE(SUBSTITUTE(Gares[[#This Row],[Vers3]],"&",""),"$",""),"@",""),$I$2:$I20,0)),NOT(ISERROR(FIND("&",Gares[[#This Row],[Vers3]])))),2,1)) -> 2 | S21: =IF(Gares[[#This Row],[Vers4]]="",0,IF(_xlfn.XOR(ISERROR(MATCH(SUBSTITUTE(SUBSTITUTE(SUBSTITUTE(Gares[[#This Row],[Vers4]],"&",""),"$",""),"@",""),$I$2:$I20,0)),NOT(ISERROR(FIND("&",Gares[[#This Row],[Vers4]])))),2,1)) -> 0 | T21: =IF(Gares[[#This Row],[Vers5]]="",0,IF(_xlfn.XOR(ISERROR(MATCH(SUBSTITUTE(SUBSTITUTE(SUBSTITUTE(Gares[[#This Row],[Vers5]],"&",""),"$",""),"@",""),$I$2:$I20,0)),NOT(ISERROR(FIND("&",Gares[[#This Row],[Vers5]])))),2,1)) -> 0 | U21: =IF(Gares[[#This Row],[Vers6]]="",0,IF(_xlfn.XOR(ISERROR(MATCH(SUBSTITUTE(SUBSTITUTE(SUBSTITUTE(Gares[[#This Row],[Vers6]],"&",""),"$",""),"@",""),$I$2:$I20,0)),NOT(ISERROR(FIND("&",Gares[[#This Row],[Vers6]])))),2,1)) -> 0 | V21: =IF(Gares[[#This Row],[SensDe1]]=0,0,IF(ISERROR(FIND("$",Gares[[#This Row],[Vers1]]))*ISERROR(FIND("@",Gares[[#This Row],[Vers1]])),Gares[[#This Row],[SensDe1]],3-Gares[[#This Row],[SensDe1]])) -> 2 | W21: =IF(Gares[[#This Row],[SensDe2]]=0,0,IF(ISERROR(FIND("$",Gares[[#This Row],[Vers2]]))*ISERROR(FIND("@",Gares[[#This Row],[Vers2]])),Gares[[#This Row],[SensDe2]],3-Gares[[#This Row],[SensDe2]])) -> 1 | X21: =IF(Gares[[#This Row],[SensDe3]]=0,0,IF(ISERROR(FIND("$",Gares[[#This Row],[Vers3]]))*ISERROR(FIND("@",Gares[[#This Row],[Vers3]])),Gares[[#This Row],[SensDe3]],3-Gares[[#This Row],[SensDe3]])) -> 2 | Y21: =IF(Gares[[#This Row],[SensDe4]]=0,0,IF(ISERROR(FIND("$",Gares[[#This Row],[Vers4]]))*ISERROR(FIND("@",Gares[[#This Row],[Vers4]])),Gares[[#This Row],[SensDe4]],3-Gares[[#This Row],[SensDe4]])) -> 0 | Z21: =IF(Gares[[#This Row],[SensDe5]]=0,0,IF(ISERROR(FIND("$",Gares[[#This Row],[Vers5]]))*ISERROR(FIND("@",Gares[[#This Row],[Vers5]])),Gares[[#This Row],[SensDe5]],3-Gares[[#This Row],[SensDe5]])) -> 0 | AA21: =IF(Gares[[#This Row],[SensDe6]]=0,0,IF(ISERROR(FIND("$",Gares[[#This Row],[Vers6]]))*ISERROR(FIND("@",Gares[[#This Row],[Vers6]])),Gares[[#This Row],[SensDe6]],3-Gares[[#This Row],[SensDe6]])) -> 0
A22: BY-TI | B22: Brétigny - Tiroir Poste D ou PPN | D22: I | F22: =COUNTA($J22:$N22) -> 2 | G22: {=SUM(IF(SUBSTITUTE(SUBSTITUTE(SUBSTITUTE(OFFSET($J$3,0,0,ROWS(Gares[Vers1]),Param!$B$2),"&",""),"$",""),"@","")=$I22,1,0))} -> 1 | H22: =IF(F22=G22,1,0) -> 0 | I22: =Gares[[#This Row],[Abv]] -> BY-TI | J22: BY | K22: BY-GB | P22: =IF(Gares[[#This Row],[Vers1]]="",0,IF(_xlfn.XOR(ISERROR(MATCH(SUBSTITUTE(SUBSTITUTE(SUBSTITUTE(Gares[[#This Row],[Vers1]],"&",""),"$",""),"@",""),$I$2:$I21,0)),NOT(ISERROR(FIND("&",Gares[[#This Row],[Vers1]])))),2,1)) -> 2 | Q22: =IF(Gares[[#This Row],[Vers2]]="",0,IF(_xlfn.XOR(ISERROR(MATCH(SUBSTITUTE(SUBSTITUTE(SUBSTITUTE(Gares[[#This Row],[Vers2]],"&",""),"$",""),"@",""),$I$2:$I21,0)),NOT(ISERROR(FIND("&",Gares[[#This Row],[Vers2]])))),2,1)) -> 2 | R22: =IF(Gares[[#This Row],[Vers3]]="",0,IF(_xlfn.XOR(ISERROR(MATCH(SUBSTITUTE(SUBSTITUTE(SUBSTITUTE(Gares[[#This Row],[Vers3]],"&",""),"$",""),"@",""),$I$2:$I21,0)),NOT(ISERROR(FIND("&",Gares[[#This Row],[Vers3]])))),2,1)) -> 0 | S22: =IF(Gares[[#This Row],[Vers4]]="",0,IF(_xlfn.XOR(ISERROR(MATCH(SUBSTITUTE(SUBSTITUTE(SUBSTITUTE(Gares[[#This Row],[Vers4]],"&",""),"$",""),"@",""),$I$2:$I21,0)),NOT(ISERROR(FIND("&",Gares[[#This Row],[Vers4]])))),2,1)) -> 0 | T22: =IF(Gares[[#This Row],[Vers5]]="",0,IF(_xlfn.XOR(ISERROR(MATCH(SUBSTITUTE(SUBSTITUTE(SUBSTITUTE(Gares[[#This Row],[Vers5]],"&",""),"$",""),"@",""),$I$2:$I21,0)),NOT(ISERROR(FIND("&",Gares[[#This Row],[Vers5]])))),2,1)) -> 0 | U22: =IF(Gares[[#This Row],[Vers6]]="",0,IF(_xlfn.XOR(ISERROR(MATCH(SUBSTITUTE(SUBSTITUTE(SUBSTITUTE(Gares[[#This Row],[Vers6]],"&",""),"$",""),"@",""),$I$2:$I21,0)),NOT(ISERROR(FIND("&",Gares[[#This Row],[Vers6]])))),2,1)) -> 0 | V22: =IF(Gares[[#This Row],[SensDe1]]=0,0,IF(ISERROR(FIND("$",Gares[[#This Row],[Vers1]]))*ISERROR(FIND("@",Gares[[#This Row],[Vers1]])),Gares[[#This Row],[SensDe1]],3-Gares[[#This Row],[SensDe1]])) -> 2 | W22: =IF(Gares[[#This Row],[SensDe2]]=0,0,IF(ISERROR(FIND("$",Gares[[#This Row],[Vers2]]))*ISERROR(FIND("@",Gares[[#This Row],[Vers2]])),Gares[[#This Row],[SensDe2]],3-Gares[[#This Row],[SensDe2]])) -> 2 | X22: =IF(Gares[[#This Row],[SensDe3]]=0,0,IF(ISERROR(FIND("$",Gares[[#This Row],[Vers3]]))*ISERROR(FIND("@",Gares[[#This Row],[Vers3]])),Gares[[#This Row],[SensDe3]],3-Gares[[#This Row],[SensDe3]])) -> 0 | Y22: =IF(Gares[[#This Row],[SensDe4]]=0,0,IF(ISERROR(FIND("$",Gares[[#This Row],[Vers4]]))*ISERROR(FIND("@",Gares[[#This Row],[Vers4]])),Gares[[#This Row],[SensDe4]],3-Gares[[#This Row],[SensDe4]])) -> 0 | Z22: =IF(Gares[[#This Row],[SensDe5]]=0,0,IF(ISERROR(FIND("$",Gares[[#This Row],[Vers5]]))*ISERROR(FIND("@",Gares[[#This Row],[Vers5]])),Gares[[#This Row],[SensDe5]],3-Gares[[#This Row],[SensDe5]])) -> 0 | AA22: =IF(Gares[[#This Row],[SensDe6]]=0,0,IF(ISERROR(FIND("$",Gares[[#This Row],[Vers6]]))*ISERROR(FIND("@",Gares[[#This Row],[Vers6]])),Gares[[#This Row],[SensDe6]],3-Gares[[#This Row],[SensDe6]])) -> 0
A23: BY-GB | B23: Brétigny - Garages pairs et technicentre | D23: IP | F23: =COUNTA($J23:$N23) -> 2 | G23: {=SUM(IF(SUBSTITUTE(SUBSTITUTE(SUBSTITUTE(OFFSET($J$3,0,0,ROWS(Gares[Vers1]),Param!$B$2),"&",""),"$",""),"@","")=$I23,1,0))} -> 3 | H23: =IF(F23=G23,1,0) -> 0 | I23: =Gares[[#This Row],[Abv]] -> BY-GB | J23: BY | K23: NG | P23: =IF(Gares[[#This Row],[Vers1]]="",0,IF(_xlfn.XOR(ISERROR(MATCH(SUBSTITUTE(SUBSTITUTE(SUBSTITUTE(Gares[[#This Row],[Vers1]],"&",""),"$",""),"@",""),$I$2:$I22,0)),NOT(ISERROR(FIND("&",Gares[[#This Row],[Vers1]])))),2,1)) -> 2 | Q23: =IF(Gares[[#This Row],[Vers2]]="",0,IF(_xlfn.XOR(ISERROR(MATCH(SUBSTITUTE(SUBSTITUTE(SUBSTITUTE(Gares[[#This Row],[Vers2]],"&",""),"$",""),"@",""),$I$2:$I22,0)),NOT(ISERROR(FIND("&",Gares[[#This Row],[Vers2]])))),2,1)) -> 1 | R23: =IF(Gares[[#This Row],[Vers3]]="",0,IF(_xlfn.XOR(ISERROR(MATCH(SUBSTITUTE(SUBSTITUTE(SUBSTITUTE(Gares[[#This Row],[Vers3]],"&",""),"$",""),"@",""),$I$2:$I22,0)),NOT(ISERROR(FIND("&",Gares[[#This Row],[Vers3]])))),2,1)) -> 0 | S23: =IF(Gares[[#This Row],[Vers4]]="",0,IF(_xlfn.XOR(ISERROR(MATCH(SUBSTITUTE(SUBSTITUTE(SUBSTITUTE(Gares[[#This Row],[Vers4]],"&",""),"$",""),"@",""),$I$2:$I22,0)),NOT(ISERROR(FIND("&",Gares[[#This Row],[Vers4]])))),2,1)) -> 0 | T23: =IF(Gares[[#This Row],[Vers5]]="",0,IF(_xlfn.XOR(ISERROR(MATCH(SUBSTITUTE(SUBSTITUTE(SUBSTITUTE(Gares[[#This Row],[Vers5]],"&",""),"$",""),"@",""),$I$2:$I22,0)),NOT(ISERROR(FIND("&",Gares[[#This Row],[Vers5]])))),2,1)) -> 0 | U23: =IF(Gares[[#This Row],[Vers6]]="",0,IF(_xlfn.XOR(ISERROR(MATCH(SUBSTITUTE(SUBSTITUTE(SUBSTITUTE(Gares[[#This Row],[Vers6]],"&",""),"$",""),"@",""),$I$2:$I22,0)),NOT(ISERROR(FIND("&",Gares[[#This Row],[Vers6]])))),2,1)) -> 0 | V23: =IF(Gares[[#This Row],[SensDe1]]=0,0,IF(ISERROR(FIND("$",Gares[[#This Row],[Vers1]]))*ISERROR(FIND("@",Gares[[#This Row],[Vers1]])),Gares[[#This Row],[SensDe1]],3-Gares[[#This Row],[SensDe1]])) -> 2 | W23: =IF(Gares[[#This Row],[SensDe2]]=0,0,IF(ISERROR(FIND("$",Gares[[#This Row],[Vers2]]))*ISERROR(FIND("@",Gares[[#This Row],[Vers2]])),Gares[[#This Row],[SensDe2]],3-Gares[[#This Row],[SensDe2]])) -> 1 | X23: =IF(Gares[[#This Row],[SensDe3]]=0,0,IF(ISERROR(FIND("$",Gares[[#This Row],[Vers3]]))*ISERROR(FIND("@",Gares[[#This Row],[Vers3]])),Gares[[#This Row],[SensDe3]],3-Gares[[#This Row],[SensDe3]])) -> 0 | Y23: =IF(Gares[[#This Row],[SensDe4]]=0,0,IF(ISERROR(FIND("$",Gares[[#This Row],[Vers4]]))*ISERROR(FIND("@",Gares[[#This Row],[Vers4]])),Gares[[#This Row],[SensDe4]],3-Gares[[#This Row],[SensDe4]])) -> 0 | Z23: =IF(Gares[[#This Row],[SensDe5]]=0,0,IF(ISERROR(FIND("$",Gares[[#This Row],[Vers5]]))*ISERROR(FIND("@",Gares[[#This Row],[Vers5]])),Gares[[#This Row],[SensDe5]],3-Gares[[#This Row],[SensDe5]])) -> 0 | AA23: =IF(Gares[[#This Row],[SensDe6]]=0,0,IF(ISERROR(FIND("$",Gares[[#This Row],[Vers6]]))*ISERROR(FIND("@",Gares[[#This Row],[Vers6]])),Gares[[#This Row],[SensDe6]],3-Gares[[#This Row],[SensDe6]])) -> 0
A24: BY-GBI | B24: Brétigny - Garages impairs | F24: =COUNTA($J24:$N24) -> 2 | G24: {=SUM(IF(SUBSTITUTE(SUBSTITUTE(SUBSTITUTE(OFFSET($J$3,0,0,ROWS(Gares[Vers1]),Param!$B$2),"&",""),"$",""),"@","")=$I24,1,0))} -> 1 | H24: =IF(F24=G24,1,0) -> 0 | I24: =Gares[[#This Row],[Abv]] -> BY-GBI | J24: BY$ | K24: MSX | P24: =IF(Gares[[#This Row],[Vers1]]="",0,IF(_xlfn.XOR(ISERROR(MATCH(SUBSTITUTE(SUBSTITUTE(SUBSTITUTE(Gares[[#This Row],[Vers1]],"&",""),"$",""),"@",""),$I$2:$I23,0)),NOT(ISERROR(FIND("&",Gares[[#This Row],[Vers1]])))),2,1)) -> 2 | Q24: =IF(Gares[[#This Row],[Vers2]]="",0,IF(_xlfn.XOR(ISERROR(MATCH(SUBSTITUTE(SUBSTITUTE(SUBSTITUTE(Gares[[#This Row],[Vers2]],"&",""),"$",""),"@",""),$I$2:$I23,0)),NOT(ISERROR(FIND("&",Gares[[#This Row],[Vers2]])))),2,1)) -> 1 | R24: =IF(Gares[[#This Row],[Vers3]]="",0,IF(_xlfn.XOR(ISERROR(MATCH(SUBSTITUTE(SUBSTITUTE(SUBSTITUTE(Gares[[#This Row],[Vers3]],"&",""),"$",""),"@",""),$I$2:$I23,0)),NOT(ISERROR(FIND("&",Gares[[#This Row],[Vers3]])))),2,1)) -> 0 | S24: =IF(Gares[[#This Row],[Vers4]]="",0,IF(_xlfn.XOR(ISERROR(MATCH(SUBSTITUTE(SUBSTITUTE(SUBSTITUTE(Gares[[#This Row],[Vers4]],"&",""),"$",""),"@",""),$I$2:$I23,0)),NOT(ISERROR(FIND("&",Gares[[#This Row],[Vers4]])))),2,1)) -> 0 | T24: =IF(Gares[[#This Row],[Vers5]]="",0,IF(_xlfn.XOR(ISERROR(MATCH(SUBSTITUTE(SUBSTITUTE(SUBSTITUTE(Gares[[#This Row],[Vers5]],"&",""),"$",""),"@",""),$I$2:$I23,0)),NOT(ISERROR(FIND("&",Gares[[#This Row],[Vers5]])))),2,1)) -> 0 | U24: =IF(Gares[[#This Row],[Vers6]]="",0,IF(_xlfn.XOR(ISERROR(MATCH(SUBSTITUTE(SUBSTITUTE(SUBSTITUTE(Gares[[#This Row],[Vers6]],"&",""),"$",""),"@",""),$I$2:$I23,0)),NOT(ISERROR(FIND("&",Gares[[#This Row],[Vers6]])))),2,1)) -> 0 | V24: =IF(Gares[[#This Row],[SensDe1]]=0,0,IF(ISERROR(FIND("$",Gares[[#This Row],[Vers1]]))*ISERROR(FIND("@",Gares[[#This Row],[Vers1]])),Gares[[#This Row],[SensDe1]],3-Gares[[#This Row],[SensDe1]])) -> 1 | W24: =IF(Gares[[#This Row],[SensDe2]]=0,0,IF(ISERROR(FIND("$",Gares[[#This Row],[Vers2]]))*ISERROR(FIND("@",Gares[[#This Row],[Vers2]])),Gares[[#This Row],[SensDe2]],3-Gares[[#This Row],[SensDe2]])) -> 1 | X24: =IF(Gares[[#This Row],[SensDe3]]=0,0,IF(ISERROR(FIND("$",Gares[[#This Row],[Vers3]]))*ISERROR(FIND("@",Gares[[#This Row],[Vers3]])),Gares[[#This Row],[SensDe3]],3-Gares[[#This Row],[SensDe3]])) -> 0 | Y24: =IF(Gares[[#This Row],[SensDe4]]=0,0,IF(ISERROR(FIND("$",Gares[[#This Row],[Vers4]]))*ISERROR(FIND("@",Gares[[#This Row],[Vers4]])),Gares[[#This Row],[SensDe4]],3-Gares[[#This Row],[SensDe4]])) -> 0 | Z24: =IF(Gares[[#This Row],[SensDe5]]=0,0,IF(ISERROR(FIND("$",Gares[[#This Row],[Vers5]]))*ISERROR(FIND("@",Gares[[#This Row],[Vers5]])),Gares[[#This Row],[SensDe5]],3-Gares[[#This Row],[SensDe5]])) -> 0 | AA24: =IF(Gares[[#This Row],[SensDe6]]=0,0,IF(ISERROR(FIND("$",Gares[[#This Row],[Vers6]]))*ISERROR(FIND("@",Gares[[#This Row],[Vers6]])),Gares[[#This Row],[SensDe6]],3-Gares[[#This Row],[SensDe6]])) -> 0
A25: BY | B25: Brétigny | F25: =COUNTA($J25:$N25) -> 5 | G25: {=SUM(IF(SUBSTITUTE(SUBSTITUTE(SUBSTITUTE(OFFSET($J$3,0,0,ROWS(Gares[Vers1]),Param!$B$2),"&",""),"$",""),"@","")=$I25,1,0))} -> 7 | H25: =IF(F25=G25,1,0) -> 0 | I25: =Gares[[#This Row],[Abv]] -> BY | J25: SHO | K25: MSX | L25: NG | M25: BY-TI | N25: BY-PC | O25: BY-GBI | P25: =IF(Gares[[#This Row],[Vers1]]="",0,IF(_xlfn.XOR(ISERROR(MATCH(SUBSTITUTE(SUBSTITUTE(SUBSTITUTE(Gares[[#This Row],[Vers1]],"&",""),"$",""),"@",""),$I$2:$I24,0)),NOT(ISERROR(FIND("&",Gares[[#This Row],[Vers1]])))),2,1)) -> 2 | Q25: =IF(Gares[[#This Row],[Vers2]]="",0,IF(_xlfn.XOR(ISERROR(MATCH(SUBSTITUTE(SUBSTITUTE(SUBSTITUTE(Gares[[#This Row],[Vers2]],"&",""),"$",""),"@",""),$I$2:$I24,0)),NOT(ISERROR(FIND("&",Gares[[#This Row],[Vers2]])))),2,1)) -> 1 | R25: =IF(Gares[[#This Row],[Vers3]]="",0,IF(_xlfn.XOR(ISERROR(MATCH(SUBSTITUTE(SUBSTITUTE(SUBSTITUTE(Gares[[#This Row],[Vers3]],"&",""),"$",""),"@",""),$I$2:$I24,0)),NOT(ISERROR(FIND("&",Gares[[#This Row],[Vers3]])))),2,1)) -> 1 | S25: =IF(Gares[[#This Row],[Vers4]]="",0,IF(_xlfn.XOR(ISERROR(MATCH(SUBSTITUTE(SUBSTITUTE(SUBSTITUTE(Gares[[#This Row],[Vers4]],"&",""),"$",""),"@",""),$I$2:$I24,0)),NOT(ISERROR(FIND("&",Gares[[#This Row],[Vers4]])))),2,1)) -> 1 | T25: =IF(Gares[[#This Row],[Vers5]]="",0,IF(_xlfn.XOR(ISERROR(MATCH(SUBSTITUTE(SUBSTITUTE(SUBSTITUTE(Gares[[#This Row],[Vers5]],"&",""),"$",""),"@",""),$I$2:$I24,0)),NOT(ISERROR(FIND("&",Gares[[#This Row],[Vers5]])))),2,1)) -> 2 | U25: =IF(Gares[[#This Row],[Vers6]]="",0,IF(_xlfn.XOR(ISERROR(MATCH(SUBSTITUTE(SUBSTITUTE(SUBSTITUTE(Gares[[#This Row],[Vers6]],"&",""),"$",""),"@",""),$I$2:$I24,0)),NOT(ISERROR(FIND("&",Gares[[#This Row],[Vers6]])))),2,1)) -> 1 | V25: =IF(Gares[[#This Row],[SensDe1]]=0,0,IF(ISERROR(FIND("$",Gares[[#This Row],[Vers1]]))*ISERROR(FIND("@",Gares[[#This Row],[Vers1]])),Gares[[#This Row],[SensDe1]],3-Gares[[#This Row],[SensDe1]])) -> 2 | W25: =IF(Gares[[#This Row],[SensDe2]]=0,0,IF(ISERROR(FIND("$",Gares[[#This Row],[Vers2]]))*ISERROR(FIND("@",Gares[[#This Row],[Vers2]])),Gares[[#This Row],[SensDe2]],3-Gares[[#This Row],[SensDe2]])) -> 1 | X25: =IF(Gares[[#This Row],[SensDe3]]=0,0,IF(ISERROR(FIND("$",Gares[[#This Row],[Vers3]]))*ISERROR(FIND("@",Gares[[#This Row],[Vers3]])),Gares[[#This Row],[SensDe3]],3-Gares[[#This Row],[SensDe3]])) -> 1 | Y25: =IF(Gares[[#This Row],[SensDe4]]=0,0,IF(ISERROR(FIND("$",Gares[[#This Row],[Vers4]]))*ISERROR(FIND("@",Gares[[#This Row],[Vers4]])),Gares[[#This Row],[SensDe4]],3-Gares[[#This Row],[SensDe4]])) -> 1 | Z25: =IF(Gares[[#This Row],[SensDe5]]=0,0,IF(ISERROR(FIND("$",Gares[[#This Row],[Vers5]]))*ISERROR(FIND("@",Gares[[#This Row],[Vers5]])),Gares[[#This Row],[SensDe5]],3-Gares[[#This Row],[SensDe5]])) -> 2 | AA25: =IF(Gares[[#This Row],[SensDe6]]=0,0,IF(ISERROR(FIND("$",Gares[[#This Row],[Vers6]]))*ISERROR(FIND("@",Gares[[#This Row],[Vers6]])),Gares[[#This Row],[SensDe6]],3-Gares[[#This Row],[SensDe6]])) -> 1
A26: BY-PC | B26: Brétigny - PC101 | D26: P | F26: =COUNTA($J26:$N26) -> 1 | G26: {=SUM(IF(SUBSTITUTE(SUBSTITUTE(SUBSTITUTE(OFFSET($J$3,0,0,ROWS(Gares[Vers1]),Param!$B$2),"&",""),"$",""),"@","")=$I26,1,0))} -> 1 | H26: =IF(F26=G26,1,0) -> 1 | I26: =Gares[[#This Row],[Abv]] -> BY-PC | J26: BY | P26: =IF(Gares[[#This Row],[Vers1]]="",0,IF(_xlfn.XOR(ISERROR(MATCH(SUBSTITUTE(SUBSTITUTE(SUBSTITUTE(Gares[[#This Row],[Vers1]],"&",""),"$",""),"@",""),$I$2:$I25,0)),NOT(ISERROR(FIND("&",Gares[[#This Row],[Vers1]])))),2,1)) -> 1 | Q26: =IF(Gares[[#This Row],[Vers2]]="",0,IF(_xlfn.XOR(ISERROR(MATCH(SUBSTITUTE(SUBSTITUTE(SUBSTITUTE(Gares[[#This Row],[Vers2]],"&",""),"$",""),"@",""),$I$2:$I25,0)),NOT(ISERROR(FIND("&",Gares[[#This Row],[Vers2]])))),2,1)) -> 0 | R26: =IF(Gares[[#This Row],[Vers3]]="",0,IF(_xlfn.XOR(ISERROR(MATCH(SUBSTITUTE(SUBSTITUTE(SUBSTITUTE(Gares[[#This Row],[Vers3]],"&",""),"$",""),"@",""),$I$2:$I25,0)),NOT(ISERROR(FIND("&",Gares[[#This Row],[Vers3]])))),2,1)) -> 0 | S26: =IF(Gares[[#This Row],[Vers4]]="",0,IF(_xlfn.XOR(ISERROR(MATCH(SUBSTITUTE(SUBSTITUTE(SUBSTITUTE(Gares[[#This Row],[Vers4]],"&",""),"$",""),"@",""),$I$2:$I25,0)),NOT(ISERROR(FIND("&",Gares[[#This Row],[Vers4]])))),2,1)) -> 0 | T26: =IF(Gares[[#This Row],[Vers5]]="",0,IF(_xlfn.XOR(ISERROR(MATCH(SUBSTITUTE(SUBSTITUTE(SUBSTITUTE(Gares[[#This Row],[Vers5]],"&",""),"$",""),"@",""),$I$2:$I25,0)),NOT(ISERROR(FIND("&",Gares[[#This Row],[Vers5]])))),2,1)) -> 0 | U26: =IF(Gares[[#This Row],[Vers6]]="",0,IF(_xlfn.XOR(ISERROR(MATCH(SUBSTITUTE(SUBSTITUTE(SUBSTITUTE(Gares[[#This Row],[Vers6]],"&",""),"$",""),"@",""),$I$2:$I25,0)),NOT(ISERROR(FIND("&",Gares[[#This Row],[Vers6]])))),2,1)) -> 0 | V26: =IF(Gares[[#This Row],[SensDe1]]=0,0,IF(ISERROR(FIND("$",Gares[[#This Row],[Vers1]]))*ISERROR(FIND("@",Gares[[#This Row],[Vers1]])),Gares[[#This Row],[SensDe1]],3-Gares[[#This Row],[SensDe1]])) -> 1 | W26: =IF(Gares[[#This Row],[SensDe2]]=0,0,IF(ISERROR(FIND("$",Gares[[#This Row],[Vers2]]))*ISERROR(FIND("@",Gares[[#This Row],[Vers2]])),Gares[[#This Row],[SensDe2]],3-Gares[[#This Row],[SensDe2]])) -> 0 | X26: =IF(Gares[[#This Row],[SensDe3]]=0,0,IF(ISERROR(FIND("$",Gares[[#This Row],[Vers3]]))*ISERROR(FIND("@",Gares[[#This Row],[Vers3]])),Gares[[#This Row],[SensDe3]],3-Gares[[#This Row],[SensDe3]])) -> 0 | Y26: =IF(Gares[[#This Row],[SensDe4]]=0,0,IF(ISERROR(FIND("$",Gares[[#This Row],[Vers4]]))*ISERROR(FIND("@",Gares[[#This Row],[Vers4]])),Gares[[#This Row],[SensDe4]],3-Gares[[#This Row],[SensDe4]])) -> 0 | Z26: =IF(Gares[[#This Row],[SensDe5]]=0,0,IF(ISERROR(FIND("$",Gares[[#This Row],[Vers5]]))*ISERROR(FIND("@",Gares[[#This Row],[Vers5]])),Gares[[#This Row],[SensDe5]],3-Gares[[#This Row],[SensDe5]])) -> 0 | AA26: =IF(Gares[[#This Row],[SensDe6]]=0,0,IF(ISERROR(FIND("$",Gares[[#This Row],[Vers6]]))*ISERROR(FIND("@",Gares[[#This Row],[Vers6]])),Gares[[#This Row],[SensDe6]],3-Gares[[#This Row],[SensDe6]])) -> 0
A27: SHO | B27: Saint-Michel-sur-Orge | F27: =COUNTA($J27:$N27) -> 2 | G27: {=SUM(IF(SUBSTITUTE(SUBSTITUTE(SUBSTITUTE(OFFSET($J$3,0,0,ROWS(Gares[Vers1]),Param!$B$2),"&",""),"$",""),"@","")=$I27,1,0))} -> 2 | H27: =IF(F27=G27,1,0) -> 1 | I27: =Gares[[#This Row],[Abv]] -> SHO | J27: =I28 -> SXG | K27: BY | P27: =IF(Gares[[#This Row],[Vers1]]="",0,IF(_xlfn.XOR(ISERROR(MATCH(SUBSTITUTE(SUBSTITUTE(SUBSTITUTE(Gares[[#This Row],[Vers1]],"&",""),"$",""),"@",""),$I$2:$I26,0)),NOT(ISERROR(FIND("&",Gares[[#This Row],[Vers1]])))),2,1)) -> 2 | Q27: =IF(Gares[[#This Row],[Vers2]]="",0,IF(_xlfn.XOR(ISERROR(MATCH(SUBSTITUTE(SUBSTITUTE(SUBSTITUTE(Gares[[#This Row],[Vers2]],"&",""),"$",""),"@",""),$I$2:$I26,0)),NOT(ISERROR(FIND("&",Gares[[#This Row],[Vers2]])))),2,1)) -> 1 | R27: =IF(Gares[[#This Row],[Vers3]]="",0,IF(_xlfn.XOR(ISERROR(MATCH(SUBSTITUTE(SUBSTITUTE(SUBSTITUTE(Gares[[#This Row],[Vers3]],"&",""),"$",""),"@",""),$I$2:$I26,0)),NOT(ISERROR(FIND("&",Gares[[#This Row],[Vers3]])))),2,1)) -> 0 | S27: =IF(Gares[[#This Row],[Vers4]]="",0,IF(_xlfn.XOR(ISERROR(MATCH(SUBSTITUTE(SUBSTITUTE(SUBSTITUTE(Gares[[#This Row],[Vers4]],"&",""),"$",""),"@",""),$I$2:$I26,0)),NOT(ISERROR(FIND("&",Gares[[#This Row],[Vers4]])))),2,1)) -> 0 | T27: =IF(Gares[[#This Row],[Vers5]]="",0,IF(_xlfn.XOR(ISERROR(MATCH(SUBSTITUTE(SUBSTITUTE(SUBSTITUTE(Gares[[#This Row],[Vers5]],"&",""),"$",""),"@",""),$I$2:$I26,0)),NOT(ISERROR(FIND("&",Gares[[#This Row],[Vers5]])))),2,1)) -> 0 | U27: =IF(Gares[[#This Row],[Vers6]]="",0,IF(_xlfn.XOR(ISERROR(MATCH(SUBSTITUTE(SUBSTITUTE(SUBSTITUTE(Gares[[#This Row],[Vers6]],"&",""),"$",""),"@",""),$I$2:$I26,0)),NOT(ISERROR(FIND("&",Gares[[#This Row],[Vers6]])))),2,1)) -> 0 | V27: =IF(Gares[[#This Row],[SensDe1]]=0,0,IF(ISERROR(FIND("$",Gares[[#This Row],[Vers1]]))*ISERROR(FIND("@",Gares[[#This Row],[Vers1]])),Gares[[#This Row],[SensDe1]],3-Gares[[#This Row],[SensDe1]])) -> 2 | W27: =IF(Gares[[#This Row],[SensDe2]]=0,0,IF(ISERROR(FIND("$",Gares[[#This Row],[Vers2]]))*ISERROR(FIND("@",Gares[[#This Row],[Vers2]])),Gares[[#This Row],[SensDe2]],3-Gares[[#This Row],[SensDe2]])) -> 1 | X27: =IF(Gares[[#This Row],[SensDe3]]=0,0,IF(ISERROR(FIND("$",Gares[[#This Row],[Vers3]]))*ISERROR(FIND("@",Gares[[#This Row],[Vers3]])),Gares[[#This Row],[SensDe3]],3-Gares[[#This Row],[SensDe3]])) -> 0 | Y27: =IF(Gares[[#This Row],[SensDe4]]=0,0,IF(ISERROR(FIND("$",Gares[[#This Row],[Vers4]]))*ISERROR(FIND("@",Gares[[#This Row],[Vers4]])),Gares[[#This Row],[SensDe4]],3-Gares[[#This Row],[SensDe4]])) -> 0 | Z27: =IF(Gares[[#This Row],[SensDe5]]=0,0,IF(ISERROR(FIND("$",Gares[[#This Row],[Vers5]]))*ISERROR(FIND("@",Gares[[#This Row],[Vers5]])),Gares[[#This Row],[SensDe5]],3-Gares[[#This Row],[SensDe5]])) -> 0 | AA27: =IF(Gares[[#This Row],[SensDe6]]=0,0,IF(ISERROR(FIND("$",Gares[[#This Row],[Vers6]]))*ISERROR(FIND("@",Gares[[#This Row],[Vers6]])),Gares[[#This Row],[SensDe6]],3-Gares[[#This Row],[SensDe6]])) -> 0
A28: SXG | B28: Sainte Geneviève Des Bois | F28: =COUNTA($J28:$N28) -> 2 | G28: {=SUM(IF(SUBSTITUTE(SUBSTITUTE(SUBSTITUTE(OFFSET($J$3,0,0,ROWS(Gares[Vers1]),Param!$B$2),"&",""),"$",""),"@","")=$I28,1,0))} -> 2 | H28: =IF(F28=G28,1,0) -> 1 | I28: =Gares[[#This Row],[Abv]] -> SXG | J28: =I29 -> EYO | K28: =I27 -> SHO | P28: =IF(Gares[[#This Row],[Vers1]]="",0,IF(_xlfn.XOR(ISERROR(MATCH(SUBSTITUTE(SUBSTITUTE(SUBSTITUTE(Gares[[#This Row],[Vers1]],"&",""),"$",""),"@",""),$I$2:$I27,0)),NOT(ISERROR(FIND("&",Gares[[#This Row],[Vers1]])))),2,1)) -> 2 | Q28: =IF(Gares[[#This Row],[Vers2]]="",0,IF(_xlfn.XOR(ISERROR(MATCH(SUBSTITUTE(SUBSTITUTE(SUBSTITUTE(Gares[[#This Row],[Vers2]],"&",""),"$",""),"@",""),$I$2:$I27,0)),NOT(ISERROR(FIND("&",Gares[[#This Row],[Vers2]])))),2,1)) -> 1 | R28: =IF(Gares[[#This Row],[Vers3]]="",0,IF(_xlfn.XOR(ISERROR(MATCH(SUBSTITUTE(SUBSTITUTE(SUBSTITUTE(Gares[[#This Row],[Vers3]],"&",""),"$",""),"@",""),$I$2:$I27,0)),NOT(ISERROR(FIND("&",Gares[[#This Row],[Vers3]])))),2,1)) -> 0 | S28: =IF(Gares[[#This Row],[Vers4]]="",0,IF(_xlfn.XOR(ISERROR(MATCH(SUBSTITUTE(SUBSTITUTE(SUBSTITUTE(Gares[[#This Row],[Vers4]],"&",""),"$",""),"@",""),$I$2:$I27,0)),NOT(ISERROR(FIND("&",Gares[[#This Row],[Vers4]])))),2,1)) -> 0 | T28: =IF(Gares[[#This Row],[Vers5]]="",0,IF(_xlfn.XOR(ISERROR(MATCH(SUBSTITUTE(SUBSTITUTE(SUBSTITUTE(Gares[[#This Row],[Vers5]],"&",""),"$",""),"@",""),$I$2:$I27,0)),NOT(ISERROR(FIND("&",Gares[[#This Row],[Vers5]])))),2,1)) -> 0 | U28: =IF(Gares[[#This Row],[Vers6]]="",0,IF(_xlfn.XOR(ISERROR(MATCH(SUBSTITUTE(SUBSTITUTE(SUBSTITUTE(Gares[[#This Row],[Vers6]],"&",""),"$",""),"@",""),$I$2:$I27,0)),NOT(ISERROR(FIND("&",Gares[[#This Row],[Vers6]])))),2,1)) -> 0 | V28: =IF(Gares[[#This Row],[SensDe1]]=0,0,IF(ISERROR(FIND("$",Gares[[#This Row],[Vers1]]))*ISERROR(FIND("@",Gares[[#This Row],[Vers1]])),Gares[[#This Row],[SensDe1]],3-Gares[[#This Row],[SensDe1]])) -> 2 | W28: =IF(Gares[[#This Row],[SensDe2]]=0,0,IF(ISERROR(FIND("$",Gares[[#This Row],[Vers2]]))*ISERROR(FIND("@",Gares[[#This Row],[Vers2]])),Gares[[#This Row],[SensDe2]],3-Gares[[#This Row],[SensDe2]])) -> 1 | X28: =IF(Gares[[#This Row],[SensDe3]]=0,0,IF(ISERROR(FIND("$",Gares[[#This Row],[Vers3]]))*ISERROR(FIND("@",Gares[[#This Row],[Vers3]])),Gares[[#This Row],[SensDe3]],3-Gares[[#This Row],[SensDe3]])) -> 0 | Y28: =IF(Gares[[#This Row],[SensDe4]]=0,0,IF(ISERROR(FIND("$",Gares[[#This Row],[Vers4]]))*ISERROR(FIND("@",Gares[[#This Row],[Vers4]])),Gares[[#This Row],[SensDe4]],3-Gares[[#This Row],[SensDe4]])) -> 0 | Z28: =IF(Gares[[#This Row],[SensDe5]]=0,0,IF(ISERROR(FIND("$",Gares[[#This Row],[Vers5]]))*ISERROR(FIND("@",Gares[[#This Row],[Vers5]])),Gares[[#This Row],[SensDe5]],3-Gares[[#This Row],[SensDe5]])) -> 0 | AA28: =IF(Gares[[#This Row],[SensDe6]]=0,0,IF(ISERROR(FIND("$",Gares[[#This Row],[Vers6]]))*ISERROR(FIND("@",Gares[[#This Row],[Vers6]])),Gares[[#This Row],[SensDe6]],3-Gares[[#This Row],[SensDe6]])) -> 0
A29: EYO | B29: Epinay-sur-Orge | F29: =COUNTA($J29:$N29) -> 2 | G29: {=SUM(IF(SUBSTITUTE(SUBSTITUTE(SUBSTITUTE(OFFSET($J$3,0,0,ROWS(Gares[Vers1]),Param!$B$2),"&",""),"$",""),"@","")=$I29,1,0))} -> 2 | H29: =IF(F29=G29,1,0) -> 1 | I29: =Gares[[#This Row],[Abv]] -> EYO | J29: SAO | K29: =I28 -> SXG | P29: =IF(Gares[[#This Row],[Vers1]]="",0,IF(_xlfn.XOR(ISERROR(MATCH(SUBSTITUTE(SUBSTITUTE(SUBSTITUTE(Gares[[#This Row],[Vers1]],"&",""),"$",""),"@",""),$I$2:$I28,0)),NOT(ISERROR(FIND("&",Gares[[#This Row],[Vers1]])))),2,1)) -> 2 | Q29: =IF(Gares[[#This Row],[Vers2]]="",0,IF(_xlfn.XOR(ISERROR(MATCH(SUBSTITUTE(SUBSTITUTE(SUBSTITUTE(Gares[[#This Row],[Vers2]],"&",""),"$",""),"@",""),$I$2:$I28,0)),NOT(ISERROR(FIND("&",Gares[[#This Row],[Vers2]])))),2,1)) -> 1 | R29: =IF(Gares[[#This Row],[Vers3]]="",0,IF(_xlfn.XOR(ISERROR(MATCH(SUBSTITUTE(SUBSTITUTE(SUBSTITUTE(Gares[[#This Row],[Vers3]],"&",""),"$",""),"@",""),$I$2:$I28,0)),NOT(ISERROR(FIND("&",Gares[[#This Row],[Vers3]])))),2,1)) -> 0 | S29: =IF(Gares[[#This Row],[Vers4]]="",0,IF(_xlfn.XOR(ISERROR(MATCH(SUBSTITUTE(SUBSTITUTE(SUBSTITUTE(Gares[[#This Row],[Vers4]],"&",""),"$",""),"@",""),$I$2:$I28,0)),NOT(ISERROR(FIND("&",Gares[[#This Row],[Vers4]])))),2,1)) -> 0 | T29: =IF(Gares[[#This Row],[Vers5]]="",0,IF(_xlfn.XOR(ISERROR(MATCH(SUBSTITUTE(SUBSTITUTE(SUBSTITUTE(Gares[[#This Row],[Vers5]],"&",""),"$",""),"@",""),$I$2:$I28,0)),NOT(ISERROR(FIND("&",Gares[[#This Row],[Vers5]])))),2,1)) -> 0 | U29: =IF(Gares[[#This Row],[Vers6]]="",0,IF(_xlfn.XOR(ISERROR(MATCH(SUBSTITUTE(SUBSTITUTE(SUBSTITUTE(Gares[[#This Row],[Vers6]],"&",""),"$",""),"@",""),$I$2:$I28,0)),NOT(ISERROR(FIND("&",Gares[[#This Row],[Vers6]])))),2,1)) -> 0 | V29: =IF(Gares[[#This Row],[SensDe1]]=0,0,IF(ISERROR(FIND("$",Gares[[#This Row],[Vers1]]))*ISERROR(FIND("@",Gares[[#This Row],[Vers1]])),Gares[[#This Row],[SensDe1]],3-Gares[[#This Row],[SensDe1]])) -> 2 | W29: =IF(Gares[[#This Row],[SensDe2]]=0,0,IF(ISERROR(FIND("$",Gares[[#This Row],[Vers2]]))*ISERROR(FIND("@",Gares[[#This Row],[Vers2]])),Gares[[#This Row],[SensDe2]],3-Gares[[#This Row],[SensDe2]])) -> 1 | X29: =IF(Gares[[#This Row],[SensDe3]]=0,0,IF(ISERROR(FIND("$",Gares[[#This Row],[Vers3]]))*ISERROR(FIND("@",Gares[[#This Row],[Vers3]])),Gares[[#This Row],[SensDe3]],3-Gares[[#This Row],[SensDe3]])) -> 0 | Y29: =IF(Gares[[#This Row],[SensDe4]]=0,0,IF(ISERROR(FIND("$",Gares[[#This Row],[Vers4]]))*ISERROR(FIND("@",Gares[[#This Row],[Vers4]])),Gares[[#This Row],[SensDe4]],3-Gares[[#This Row],[SensDe4]])) -> 0 | Z29: =IF(Gares[[#This Row],[SensDe5]]=0,0,IF(ISERROR(FIND("$",Gares[[#This Row],[Vers5]]))*ISERROR(FIND("@",Gares[[#This Row],[Vers5]])),Gares[[#This Row],[SensDe5]],3-Gares[[#This Row],[SensDe5]])) -> 0 | AA29: =IF(Gares[[#This Row],[SensDe6]]=0,0,IF(ISERROR(FIND("$",Gares[[#This Row],[Vers6]]))*ISERROR(FIND("@",Gares[[#This Row],[Vers6]])),Gares[[#This Row],[SensDe6]],3-Gares[[#This Row],[SensDe6]])) -> 0
A30: VC-HJ | B30: Versailles Chantiers - Voies H et J | D30: IP | F30: =COUNTA($J30:$N30) -> 2 | G30: {=SUM(IF(SUBSTITUTE(SUBSTITUTE(SUBSTITUTE(OFFSET($J$3,0,0,ROWS(Gares[Vers1]),Param!$B$2),"&",""),"$",""),"@","")=$I30,1,0))} -> 2 | H30: =IF(F30=G30,1,0) -> 1 | I30: =Gares[[#This Row],[Abv]] -> VC-HJ | J30: PJ | K30: SCR& | P30: =IF(Gares[[#This Row],[Vers1]]="",0,IF(_xlfn.XOR(ISERROR(MATCH(SUBSTITUTE(SUBSTITUTE(SUBSTITUTE(Gares[[#This Row],[Vers1]],"&",""),"$",""),"@",""),$I$2:$I29,0)),NOT(ISERROR(FIND("&",Gares[[#This Row],[Vers1]])))),2,1)) -> 2 | Q30: =IF(Gares[[#This Row],[Vers2]]="",0,IF(_xlfn.XOR(ISERROR(MATCH(SUBSTITUTE(SUBSTITUTE(SUBSTITUTE(Gares[[#This Row],[Vers2]],"&",""),"$",""),"@",""),$I$2:$I29,0)),NOT(ISERROR(FIND("&",Gares[[#This Row],[Vers2]])))),2,1)) -> 1 | R30: =IF(Gares[[#This Row],[Vers3]]="",0,IF(_xlfn.XOR(ISERROR(MATCH(SUBSTITUTE(SUBSTITUTE(SUBSTITUTE(Gares[[#This Row],[Vers3]],"&",""),"$",""),"@",""),$I$2:$I29,0)),NOT(ISERROR(FIND("&",Gares[[#This Row],[Vers3]])))),2,1)) -> 0 | S30: =IF(Gares[[#This Row],[Vers4]]="",0,IF(_xlfn.XOR(ISERROR(MATCH(SUBSTITUTE(SUBSTITUTE(SUBSTITUTE(Gares[[#This Row],[Vers4]],"&",""),"$",""),"@",""),$I$2:$I29,0)),NOT(ISERROR(FIND("&",Gares[[#This Row],[Vers4]])))),2,1)) -> 0 | T30: =IF(Gares[[#This Row],[Vers5]]="",0,IF(_xlfn.XOR(ISERROR(MATCH(SUBSTITUTE(SUBSTITUTE(SUBSTITUTE(Gares[[#This Row],[Vers5]],"&",""),"$",""),"@",""),$I$2:$I29,0)),NOT(ISERROR(FIND("&",Gares[[#This Row],[Vers5]])))),2,1)) -> 0 | U30: =IF(Gares[[#This Row],[Vers6]]="",0,IF(_xlfn.XOR(ISERROR(MATCH(SUBSTITUTE(SUBSTITUTE(SUBSTITUTE(Gares[[#This Row],[Vers6]],"&",""),"$",""),"@",""),$I$2:$I29,0)),NOT(ISERROR(FIND("&",Gares[[#This Row],[Vers6]])))),2,1)) -> 0 | V30: =IF(Gares[[#This Row],[SensDe1]]=0,0,IF(ISERROR(FIND("$",Gares[[#This Row],[Vers1]]))*ISERROR(FIND("@",Gares[[#This Row],[Vers1]])),Gares[[#This Row],[SensDe1]],3-Gares[[#This Row],[SensDe1]])) -> 2 | W30: =IF(Gares[[#This Row],[SensDe2]]=0,0,IF(ISERROR(FIND("$",Gares[[#This Row],[Vers2]]))*ISERROR(FIND("@",Gares[[#This Row],[Vers2]])),Gares[[#This Row],[SensDe2]],3-Gares[[#This Row],[SensDe2]])) -> 1 | X30: =IF(Gares[[#This Row],[SensDe3]]=0,0,IF(ISERROR(FIND("$",Gares[[#This Row],[Vers3]]))*ISERROR(FIND("@",Gares[[#This Row],[Vers3]])),Gares[[#This Row],[SensDe3]],3-Gares[[#This Row],[SensDe3]])) -> 0 | Y30: =IF(Gares[[#This Row],[SensDe4]]=0,0,IF(ISERROR(FIND("$",Gares[[#This Row],[Vers4]]))*ISERROR(FIND("@",Gares[[#This Row],[Vers4]])),Gares[[#This Row],[SensDe4]],3-Gares[[#This Row],[SensDe4]])) -> 0 | Z30: =IF(Gares[[#This Row],[SensDe5]]=0,0,IF(ISERROR(FIND("$",Gares[[#This Row],[Vers5]]))*ISERROR(FIND("@",Gares[[#This Row],[Vers5]])),Gares[[#This Row],[SensDe5]],3-Gares[[#This Row],[SensDe5]])) -> 0 | AA30: =IF(Gares[[#This Row],[SensDe6]]=0,0,IF(ISERROR(FIND("$",Gares[[#This Row],[Vers6]]))*ISERROR(FIND("@",Gares[[#This Row],[Vers6]])),Gares[[#This Row],[SensDe6]],3-Gares[[#This Row],[SensDe6]])) -> 0
A31: PJ | B31: Petit Jouy - Les Loges | F31: =COUNTA($J31:$N31) -> 2 | G31: {=SUM(IF(SUBSTITUTE(SUBSTITUTE(SUBSTITUTE(OFFSET($J$3,0,0,ROWS(Gares[Vers1]),Param!$B$2),"&",""),"$",""),"@","")=$I31,1,0))} -> 2 | H31: =IF(F31=G31,1,0) -> 1 | I31: =Gares[[#This Row],[Abv]] -> PJ | J31: JAS | K31: VC-HJ | P31: =IF(Gares[[#This Row],[Vers1]]="",0,IF(_xlfn.XOR(ISERROR(MATCH(SUBSTITUTE(SUBSTITUTE(SUBSTITUTE(Gares[[#This Row],[Vers1]],"&",""),"$",""),"@",""),$I$2:$I30,0)),NOT(ISERROR(FIND("&",Gares[[#This Row],[Vers1]])))),2,1)) -> 2 | Q31: =IF(Gares[[#This Row],[Vers2]]="",0,IF(_xlfn.XOR(ISERROR(MATCH(SUBSTITUTE(SUBSTITUTE(SUBSTITUTE(Gares[[#This Row],[Vers2]],"&",""),"$",""),"@",""),$I$2:$I30,0)),NOT(ISERROR(FIND("&",Gares[[#This Row],[Vers2]])))),2,1)) -> 1 | R31: =IF(Gares[[#This Row],[Vers3]]="",0,IF(_xlfn.XOR(ISERROR(MATCH(SUBSTITUTE(SUBSTITUTE(SUBSTITUTE(Gares[[#This Row],[Vers3]],"&",""),"$",""),"@",""),$I$2:$I30,0)),NOT(ISERROR(FIND("&",Gares[[#This Row],[Vers3]])))),2,1)) -> 0 | S31: =IF(Gares[[#This Row],[Vers4]]="",0,IF(_xlfn.XOR(ISERROR(MATCH(SUBSTITUTE(SUBSTITUTE(SUBSTITUTE(Gares[[#This Row],[Vers4]],"&",""),"$",""),"@",""),$I$2:$I30,0)),NOT(ISERROR(FIND("&",Gares[[#This Row],[Vers4]])))),2,1)) -> 0 | T31: =IF(Gares[[#This Row],[Vers5]]="",0,IF(_xlfn.XOR(ISERROR(MATCH(SUBSTITUTE(SUBSTITUTE(SUBSTITUTE(Gares[[#This Row],[Vers5]],"&",""),"$",""),"@",""),$I$2:$I30,0)),NOT(ISERROR(FIND("&",Gares[[#This Row],[Vers5]])))),2,1)) -> 0 | U31: =IF(Gares[[#This Row],[Vers6]]="",0,IF(_xlfn.XOR(ISERROR(MATCH(SUBSTITUTE(SUBSTITUTE(SUBSTITUTE(Gares[[#This Row],[Vers6]],"&",""),"$",""),"@",""),$I$2:$I30,0)),NOT(ISERROR(FIND("&",Gares[[#This Row],[Vers6]])))),2,1)) -> 0 | V31: =IF(Gares[[#This Row],[SensDe1]]=0,0,IF(ISERROR(FIND("$",Gares[[#This Row],[Vers1]]))*ISERROR(FIND("@",Gares[[#This Row],[Vers1]])),Gares[[#This Row],[SensDe1]],3-Gares[[#This Row],[SensDe1]])) -> 2 | W31: =IF(Gares[[#This Row],[SensDe2]]=0,0,IF(ISERROR(FIND("$",Gares[[#This Row],[Vers2]]))*ISERROR(FIND("@",Gares[[#This Row],[Vers2]])),Gares[[#This Row],[SensDe2]],3-Gares[[#This Row],[SensDe2]])) -> 1 | X31: =IF(Gares[[#This Row],[SensDe3]]=0,0,IF(ISERROR(FIND("$",Gares[[#This Row],[Vers3]]))*ISERROR(FIND("@",Gares[[#This Row],[Vers3]])),Gares[[#This Row],[SensDe3]],3-Gares[[#This Row],[SensDe3]])) -> 0 | Y31: =IF(Gares[[#This Row],[SensDe4]]=0,0,IF(ISERROR(FIND("$",Gares[[#This Row],[Vers4]]))*ISERROR(FIND("@",Gares[[#This Row],[Vers4]])),Gares[[#This Row],[SensDe4]],3-Gares[[#This Row],[SensDe4]])) -> 0 | Z31: =IF(Gares[[#This Row],[SensDe5]]=0,0,IF(ISERROR(FIND("$",Gares[[#This Row],[Vers5]]))*ISERROR(FIND("@",Gares[[#This Row],[Vers5]])),Gares[[#This Row],[SensDe5]],3-Gares[[#This Row],[SensDe5]])) -> 0 | AA31: =IF(Gares[[#This Row],[SensDe6]]=0,0,IF(ISERROR(FIND("$",Gares[[#This Row],[Vers6]]))*ISERROR(FIND("@",Gares[[#This Row],[Vers6]])),Gares[[#This Row],[SensDe6]],3-Gares[[#This Row],[SensDe6]])) -> 0
A32: JAS | B32: Jouy En Josas | F32: =COUNTA($J32:$N32) -> 2 | G32: {=SUM(IF(SUBSTITUTE(SUBSTITUTE(SUBSTITUTE(OFFSET($J$3,0,0,ROWS(Gares[Vers1]),Param!$B$2),"&",""),"$",""),"@","")=$I32,1,0))} -> 2 | H32: =IF(F32=G32,1,0) -> 1 | I32: =Gares[[#This Row],[Abv]] -> JAS | J32: =I33 -> VBO | K32: PJ | P32: =IF(Gares[[#This Row],[Vers1]]="",0,IF(_xlfn.XOR(ISERROR(MATCH(SUBSTITUTE(SUBSTITUTE(SUBSTITUTE(Gares[[#This Row],[Vers1]],"&",""),"$",""),"@",""),$I$2:$I31,0)),NOT(ISERROR(FIND("&",Gares[[#This Row],[Vers1]])))),2,1)) -> 2 | Q32: =IF(Gares[[#This Row],[Vers2]]="",0,IF(_xlfn.XOR(ISERROR(MATCH(SUBSTITUTE(SUBSTITUTE(SUBSTITUTE(Gares[[#This Row],[Vers2]],"&",""),"$",""),"@",""),$I$2:$I31,0)),NOT(ISERROR(FIND("&",Gares[[#This Row],[Vers2]])))),2,1)) -> 1 | R32: =IF(Gares[[#This Row],[Vers3]]="",0,IF(_xlfn.XOR(ISERROR(MATCH(SUBSTITUTE(SUBSTITUTE(SUBSTITUTE(Gares[[#This Row],[Vers3]],"&",""),"$",""),"@",""),$I$2:$I31,0)),NOT(ISERROR(FIND("&",Gares[[#This Row],[Vers3]])))),2,1)) -> 0 | S32: =IF(Gares[[#This Row],[Vers4]]="",0,IF(_xlfn.XOR(ISERROR(MATCH(SUBSTITUTE(SUBSTITUTE(SUBSTITUTE(Gares[[#This Row],[Vers4]],"&",""),"$",""),"@",""),$I$2:$I31,0)),NOT(ISERROR(FIND("&",Gares[[#This Row],[Vers4]])))),2,1)) -> 0 | T32: =IF(Gares[[#This Row],[Vers5]]="",0,IF(_xlfn.XOR(ISERROR(MATCH(SUBSTITUTE(SUBSTITUTE(SUBSTITUTE(Gares[[#This Row],[Vers5]],"&",""),"$",""),"@",""),$I$2:$I31,0)),NOT(ISERROR(FIND("&",Gares[[#This Row],[Vers5]])))),2,1)) -> 0 | U32: =IF(Gares[[#This Row],[Vers6]]="",0,IF(_xlfn.XOR(ISERROR(MATCH(SUBSTITUTE(SUBSTITUTE(SUBSTITUTE(Gares[[#This Row],[Vers6]],"&",""),"$",""),"@",""),$I$2:$I31,0)),NOT(ISERROR(FIND("&",Gares[[#This Row],[Vers6]])))),2,1)) -> 0 | V32: =IF(Gares[[#This Row],[SensDe1]]=0,0,IF(ISERROR(FIND("$",Gares[[#This Row],[Vers1]]))*ISERROR(FIND("@",Gares[[#This Row],[Vers1]])),Gares[[#This Row],[SensDe1]],3-Gares[[#This Row],[SensDe1]])) -> 2 | W32: =IF(Gares[[#This Row],[SensDe2]]=0,0,IF(ISERROR(FIND("$",Gares[[#This Row],[Vers2]]))*ISERROR(FIND("@",Gares[[#This Row],[Vers2]])),Gares[[#This Row],[SensDe2]],3-Gares[[#This Row],[SensDe2]])) -> 1 | X32: =IF(Gares[[#This Row],[SensDe3]]=0,0,IF(ISERROR(FIND("$",Gares[[#This Row],[Vers3]]))*ISERROR(FIND("@",Gares[[#This Row],[Vers3]])),Gares[[#This Row],[SensDe3]],3-Gares[[#This Row],[SensDe3]])) -> 0 | Y32: =IF(Gares[[#This Row],[SensDe4]]=0,0,IF(ISERROR(FIND("$",Gares[[#This Row],[Vers4]]))*ISERROR(FIND("@",Gares[[#This Row],[Vers4]])),Gares[[#This Row],[SensDe4]],3-Gares[[#This Row],[SensDe4]])) -> 0 | Z32: =IF(Gares[[#This Row],[SensDe5]]=0,0,IF(ISERROR(FIND("$",Gares[[#This Row],[Vers5]]))*ISERROR(FIND("@",Gares[[#This Row],[Vers5]])),Gares[[#This Row],[SensDe5]],3-Gares[[#This Row],[SensDe5]])) -> 0 | AA32: =IF(Gares[[#This Row],[SensDe6]]=0,0,IF(ISERROR(FIND("$",Gares[[#This Row],[Vers6]]))*ISERROR(FIND("@",Gares[[#This Row],[Vers6]])),Gares[[#This Row],[SensDe6]],3-Gares[[#This Row],[SensDe6]])) -> 0
A33: VBO | B33: Vauboyen | F33: =COUNTA($J33:$N33) -> 2 | G33: {=SUM(IF(SUBSTITUTE(SUBSTITUTE(SUBSTITUTE(OFFSET($J$3,0,0,ROWS(Gares[Vers1]),Param!$B$2),"&",""),"$",""),"@","")=$I33,1,0))} -> 2 | H33: =IF(F33=G33,1,0) -> 1 | I33: =Gares[[#This Row],[Abv]] -> VBO | J33: =I34 -> BIS | K33: =I32 -> JAS | P33: =IF(Gares[[#This Row],[Vers1]]="",0,IF(_xlfn.XOR(ISERROR(MATCH(SUBSTITUTE(SUBSTITUTE(SUBSTITUTE(Gares[[#This Row],[Vers1]],"&",""),"$",""),"@",""),$I$2:$I32,0)),NOT(ISERROR(FIND("&",Gares[[#This Row],[Vers1]])))),2,1)) -> 2 | Q33: =IF(Gares[[#This Row],[Vers2]]="",0,IF(_xlfn.XOR(ISERROR(MATCH(SUBSTITUTE(SUBSTITUTE(SUBSTITUTE(Gares[[#This Row],[Vers2]],"&",""),"$",""),"@",""),$I$2:$I32,0)),NOT(ISERROR(FIND("&",Gares[[#This Row],[Vers2]])))),2,1)) -> 1 | R33: =IF(Gares[[#This Row],[Vers3]]="",0,IF(_xlfn.XOR(ISERROR(MATCH(SUBSTITUTE(SUBSTITUTE(SUBSTITUTE(Gares[[#This Row],[Vers3]],"&",""),"$",""),"@",""),$I$2:$I32,0)),NOT(ISERROR(FIND("&",Gares[[#This Row],[Vers3]])))),2,1)) -> 0 | S33: =IF(Gares[[#This Row],[Vers4]]="",0,IF(_xlfn.XOR(ISERROR(MATCH(SUBSTITUTE(SUBSTITUTE(SUBSTITUTE(Gares[[#This Row],[Vers4]],"&",""),"$",""),"@",""),$I$2:$I32,0)),NOT(ISERROR(FIND("&",Gares[[#This Row],[Vers4]])))),2,1)) -> 0 | T33: =IF(Gares[[#This Row],[Vers5]]="",0,IF(_xlfn.XOR(ISERROR(MATCH(SUBSTITUTE(SUBSTITUTE(SUBSTITUTE(Gares[[#This Row],[Vers5]],"&",""),"$",""),"@",""),$I$2:$I32,0)),NOT(ISERROR(FIND("&",Gares[[#This Row],[Vers5]])))),2,1)) -> 0 | U33: =IF(Gares[[#This Row],[Vers6]]="",0,IF(_xlfn.XOR(ISERROR(MATCH(SUBSTITUTE(SUBSTITUTE(SUBSTITUTE(Gares[[#This Row],[Vers6]],"&",""),"$",""),"@",""),$I$2:$I32,0)),NOT(ISERROR(FIND("&",Gares[[#This Row],[Vers6]])))),2,1)) -> 0 | V33: =IF(Gares[[#This Row],[SensDe1]]=0,0,IF(ISERROR(FIND("$",Gares[[#This Row],[Vers1]]))*ISERROR(FIND("@",Gares[[#This Row],[Vers1]])),Gares[[#This Row],[SensDe1]],3-Gares[[#This Row],[SensDe1]])) -> 2 | W33: =IF(Gares[[#This Row],[SensDe2]]=0,0,IF(ISERROR(FIND("$",Gares[[#This Row],[Vers2]]))*ISERROR(FIND("@",Gares[[#This Row],[Vers2]])),Gares[[#This Row],[SensDe2]],3-Gares[[#This Row],[SensDe2]])) -> 1 | X33: =IF(Gares[[#This Row],[SensDe3]]=0,0,IF(ISERROR(FIND("$",Gares[[#This Row],[Vers3]]))*ISERROR(FIND("@",Gares[[#This Row],[Vers3]])),Gares[[#This Row],[SensDe3]],3-Gares[[#This Row],[SensDe3]])) -> 0 | Y33: =IF(Gares[[#This Row],[SensDe4]]=0,0,IF(ISERROR(FIND("$",Gares[[#This Row],[Vers4]]))*ISERROR(FIND("@",Gares[[#This Row],[Vers4]])),Gares[[#This Row],[SensDe4]],3-Gares[[#This Row],[SensDe4]])) -> 0 | Z33: =IF(Gares[[#This Row],[SensDe5]]=0,0,IF(ISERROR(FIND("$",Gares[[#This Row],[Vers5]]))*ISERROR(FIND("@",Gares[[#This Row],[Vers5]])),Gares[[#This Row],[SensDe5]],3-Gares[[#This Row],[SensDe5]])) -> 0 | AA33: =IF(Gares[[#This Row],[SensDe6]]=0,0,IF(ISERROR(FIND("$",Gares[[#This Row],[Vers6]]))*ISERROR(FIND("@",Gares[[#This Row],[Vers6]])),Gares[[#This Row],[SensDe6]],3-Gares[[#This Row],[SensDe6]])) -> 0
A34: BIS | B34: Bièvres | F34: =COUNTA($J34:$N34) -> 2 | G34: {=SUM(IF(SUBSTITUTE(SUBSTITUTE(SUBSTITUTE(OFFSET($J$3,0,0,ROWS(Gares[Vers1]),Param!$B$2),"&",""),"$",""),"@","")=$I34,1,0))} -> 2 | H34: =IF(F34=G34,1,0) -> 1 | I34: =Gares[[#This Row],[Abv]] -> BIS | J34: =I35 -> IGY | K34: =I33 -> VBO | P34: =IF(Gares[[#This Row],[Vers1]]="",0,IF(_xlfn.XOR(ISERROR(MATCH(SUBSTITUTE(SUBSTITUTE(SUBSTITUTE(Gares[[#This Row],[Vers1]],"&",""),"$",""),"@",""),$I$2:$I33,0)),NOT(ISERROR(FIND("&",Gares[[#This Row],[Vers1]])))),2,1)) -> 2 | Q34: =IF(Gares[[#This Row],[Vers2]]="",0,IF(_xlfn.XOR(ISERROR(MATCH(SUBSTITUTE(SUBSTITUTE(SUBSTITUTE(Gares[[#This Row],[Vers2]],"&",""),"$",""),"@",""),$I$2:$I33,0)),NOT(ISERROR(FIND("&",Gares[[#This Row],[Vers2]])))),2,1)) -> 1 | R34: =IF(Gares[[#This Row],[Vers3]]="",0,IF(_xlfn.XOR(ISERROR(MATCH(SUBSTITUTE(SUBSTITUTE(SUBSTITUTE(Gares[[#This Row],[Vers3]],"&",""),"$",""),"@",""),$I$2:$I33,0)),NOT(ISERROR(FIND("&",Gares[[#This Row],[Vers3]])))),2,1)) -> 0 | S34: =IF(Gares[[#This Row],[Vers4]]="",0,IF(_xlfn.XOR(ISERROR(MATCH(SUBSTITUTE(SUBSTITUTE(SUBSTITUTE(Gares[[#This Row],[Vers4]],"&",""),"$",""),"@",""),$I$2:$I33,0)),NOT(ISERROR(FIND("&",Gares[[#This Row],[Vers4]])))),2,1)) -> 0 | T34: =IF(Gares[[#This Row],[Vers5]]="",0,IF(_xlfn.XOR(ISERROR(MATCH(SUBSTITUTE(SUBSTITUTE(SUBSTITUTE(Gares[[#This Row],[Vers5]],"&",""),"$",""),"@",""),$I$2:$I33,0)),NOT(ISERROR(FIND("&",Gares[[#This Row],[Vers5]])))),2,1)) -> 0 | U34: =IF(Gares[[#This Row],[Vers6]]="",0,IF(_xlfn.XOR(ISERROR(MATCH(SUBSTITUTE(SUBSTITUTE(SUBSTITUTE(Gares[[#This Row],[Vers6]],"&",""),"$",""),"@",""),$I$2:$I33,0)),NOT(ISERROR(FIND("&",Gares[[#This Row],[Vers6]])))),2,1)) -> 0 | V34: =IF(Gares[[#This Row],[SensDe1]]=0,0,IF(ISERROR(FIND("$",Gares[[#This Row],[Vers1]]))*ISERROR(FIND("@",Gares[[#This Row],[Vers1]])),Gares[[#This Row],[SensDe1]],3-Gares[[#This Row],[SensDe1]])) -> 2 | W34: =IF(Gares[[#This Row],[SensDe2]]=0,0,IF(ISERROR(FIND("$",Gares[[#This Row],[Vers2]]))*ISERROR(FIND("@",Gares[[#This Row],[Vers2]])),Gares[[#This Row],[SensDe2]],3-Gares[[#This Row],[SensDe2]])) -> 1 | X34: =IF(Gares[[#This Row],[SensDe3]]=0,0,IF(ISERROR(FIND("$",Gares[[#This Row],[Vers3]]))*ISERROR(FIND("@",Gares[[#This Row],[Vers3]])),Gares[[#This Row],[SensDe3]],3-Gares[[#This Row],[SensDe3]])) -> 0 | Y34: =IF(Gares[[#This Row],[SensDe4]]=0,0,IF(ISERROR(FIND("$",Gares[[#This Row],[Vers4]]))*ISERROR(FIND("@",Gares[[#This Row],[Vers4]])),Gares[[#This Row],[SensDe4]],3-Gares[[#This Row],[SensDe4]])) -> 0 | Z34: =IF(Gares[[#This Row],[SensDe5]]=0,0,IF(ISERROR(FIND("$",Gares[[#This Row],[Vers5]]))*ISERROR(FIND("@",Gares[[#This Row],[Vers5]])),Gares[[#This Row],[SensDe5]],3-Gares[[#This Row],[SensDe5]])) -> 0 | AA34: =IF(Gares[[#This Row],[SensDe6]]=0,0,IF(ISERROR(FIND("$",Gares[[#This Row],[Vers6]]))*ISERROR(FIND("@",Gares[[#This Row],[Vers6]])),Gares[[#This Row],[SensDe6]],3-Gares[[#This Row],[SensDe6]])) -> 0
A35: IGY | B35: Igny | F35: =COUNTA($J35:$N35) -> 3 | G35: {=SUM(IF(SUBSTITUTE(SUBSTITUTE(SUBSTITUTE(OFFSET($J$3,0,0,ROWS(Gares[Vers1]),Param!$B$2),"&",""),"$",""),"@","")=$I35,1,0))} -> 3 | H35: =IF(F35=G35,1,0) -> 1 | I35: =Gares[[#This Row],[Abv]] -> IGY | J35: =I36 -> MPU | K35: =I34 -> BIS | L35: MPU-GB | P35: =IF(Gares[[#This Row],[Vers1]]="",0,IF(_xlfn.XOR(ISERROR(MATCH(SUBSTITUTE(SUBSTITUTE(SUBSTITUTE(Gares[[#This Row],[Vers1]],"&",""),"$",""),"@",""),$I$2:$I34,0)),NOT(ISERROR(FIND("&",Gares[[#This Row],[Vers1]])))),2,1)) -> 2 | Q35: =IF(Gares[[#This Row],[Vers2]]="",0,IF(_xlfn.XOR(ISERROR(MATCH(SUBSTITUTE(SUBSTITUTE(SUBSTITUTE(Gares[[#This Row],[Vers2]],"&",""),"$",""),"@",""),$I$2:$I34,0)),NOT(ISERROR(FIND("&",Gares[[#This Row],[Vers2]])))),2,1)) -> 1 | R35: =IF(Gares[[#This Row],[Vers3]]="",0,IF(_xlfn.XOR(ISERROR(MATCH(SUBSTITUTE(SUBSTITUTE(SUBSTITUTE(Gares[[#This Row],[Vers3]],"&",""),"$",""),"@",""),$I$2:$I34,0)),NOT(ISERROR(FIND("&",Gares[[#This Row],[Vers3]])))),2,1)) -> 2 | S35: =IF(Gares[[#This Row],[Vers4]]="",0,IF(_xlfn.XOR(ISERROR(MATCH(SUBSTITUTE(SUBSTITUTE(SUBSTITUTE(Gares[[#This Row],[Vers4]],"&",""),"$",""),"@",""),$I$2:$I34,0)),NOT(ISERROR(FIND("&",Gares[[#This Row],[Vers4]])))),2,1)) -> 0 | T35: =IF(Gares[[#This Row],[Vers5]]="",0,IF(_xlfn.XOR(ISERROR(MATCH(SUBSTITUTE(SUBSTITUTE(SUBSTITUTE(Gares[[#This Row],[Vers5]],"&",""),"$",""),"@",""),$I$2:$I34,0)),NOT(ISERROR(FIND("&",Gares[[#This Row],[Vers5]])))),2,1)) -> 0 | U35: =IF(Gares[[#This Row],[Vers6]]="",0,IF(_xlfn.XOR(ISERROR(MATCH(SUBSTITUTE(SUBSTITUTE(SUBSTITUTE(Gares[[#This Row],[Vers6]],"&",""),"$",""),"@",""),$I$2:$I34,0)),NOT(ISERROR(FIND("&",Gares[[#This Row],[Vers6]])))),2,1)) -> 0 | V35: =IF(Gares[[#This Row],[SensDe1]]=0,0,IF(ISERROR(FIND("$",Gares[[#This Row],[Vers1]]))*ISERROR(FIND("@",Gares[[#This Row],[Vers1]])),Gares[[#This Row],[SensDe1]],3-Gares[[#This Row],[SensDe1]])) -> 2 | W35: =IF(Gares[[#This Row],[SensDe2]]=0,0,IF(ISERROR(FIND("$",Gares[[#This Row],[Vers2]]))*ISERROR(FIND("@",Gares[[#This Row],[Vers2]])),Gares[[#This Row],[SensDe2]],3-Gares[[#This Row],[SensDe2]])) -> 1 | X35: =IF(Gares[[#This Row],[SensDe3]]=0,0,IF(ISERROR(FIND("$",Gares[[#This Row],[Vers3]]))*ISERROR(FIND("@",Gares[[#This Row],[Vers3]])),Gares[[#This Row],[SensDe3]],3-Gares[[#This Row],[SensDe3]])) -> 2 | Y35: =IF(Gares[[#This Row],[SensDe4]]=0,0,IF(ISERROR(FIND("$",Gares[[#This Row],[Vers4]]))*ISERROR(FIND("@",Gares[[#This Row],[Vers4]])),Gares[[#This Row],[SensDe4]],3-Gares[[#This Row],[SensDe4]])) -> 0 | Z35: =IF(Gares[[#This Row],[SensDe5]]=0,0,IF(ISERROR(FIND("$",Gares[[#This Row],[Vers5]]))*ISERROR(FIND("@",Gares[[#This Row],[Vers5]])),Gares[[#This Row],[SensDe5]],3-Gares[[#This Row],[SensDe5]])) -> 0 | AA35: =IF(Gares[[#This Row],[SensDe6]]=0,0,IF(ISERROR(FIND("$",Gares[[#This Row],[Vers6]]))*ISERROR(FIND("@",Gares[[#This Row],[Vers6]])),Gares[[#This Row],[SensDe6]],3-Gares[[#This Row],[SensDe6]])) -> 0
A36: MPU | B36: Massy-Palaiseau | D36: IP | F36: =COUNTA($J36:$N36) -> 4 | G36: {=SUM(IF(SUBSTITUTE(SUBSTITUTE(SUBSTITUTE(OFFSET($J$3,0,0,ROWS(Gares[Vers1]),Param!$B$2),"&",""),"$",""),"@","")=$I36,1,0))} -> 4 | H36: =IF(F36=G36,1,0) -> 1 | I36: =Gares[[#This Row],[Abv]] -> MPU | J36: LJU | K36: =I35 -> IGY | L36: MPU-GB$ | M36: MVW | P36: =IF(Gares[[#This Row],[Vers1]]="",0,IF(_xlfn.XOR(ISERROR(MATCH(SUBSTITUTE(SUBSTITUTE(SUBSTITUTE(Gares[[#This Row],[Vers1]],"&",""),"$",""),"@",""),$I$2:$I35,0)),NOT(ISERROR(FIND("&",Gares[[#This Row],[Vers1]])))),2,1)) -> 2 | Q36: =IF(Gares[[#This Row],[Vers2]]="",0,IF(_xlfn.XOR(ISERROR(MATCH(SUBSTITUTE(SUBSTITUTE(SUBSTITUTE(Gares[[#This Row],[Vers2]],"&",""),"$",""),"@",""),$I$2:$I35,0)),NOT(ISERROR(FIND("&",Gares[[#This Row],[Vers2]])))),2,1)) -> 1 | R36: =IF(Gares[[#This Row],[Vers3]]="",0,IF(_xlfn.XOR(ISERROR(MATCH(SUBSTITUTE(SUBSTITUTE(SUBSTITUTE(Gares[[#This Row],[Vers3]],"&",""),"$",""),"@",""),$I$2:$I35,0)),NOT(ISERROR(FIND("&",Gares[[#This Row],[Vers3]])))),2,1)) -> 2 | S36: =IF(Gares[[#This Row],[Vers4]]="",0,IF(_xlfn.XOR(ISERROR(MATCH(SUBSTITUTE(SUBSTITUTE(SUBSTITUTE(Gares[[#This Row],[Vers4]],"&",""),"$",""),"@",""),$I$2:$I35,0)),NOT(ISERROR(FIND("&",Gares[[#This Row],[Vers4]])))),2,1)) -> 2 | T36: =IF(Gares[[#This Row],[Vers5]]="",0,IF(_xlfn.XOR(ISERROR(MATCH(SUBSTITUTE(SUBSTITUTE(SUBSTITUTE(Gares[[#This Row],[Vers5]],"&",""),"$",""),"@",""),$I$2:$I35,0)),NOT(ISERROR(FIND("&",Gares[[#This Row],[Vers5]])))),2,1)) -> 0 | U36: =IF(Gares[[#This Row],[Vers6]]="",0,IF(_xlfn.XOR(ISERROR(MATCH(SUBSTITUTE(SUBSTITUTE(SUBSTITUTE(Gares[[#This Row],[Vers6]],"&",""),"$",""),"@",""),$I$2:$I35,0)),NOT(ISERROR(FIND("&",Gares[[#This Row],[Vers6]])))),2,1)) -> 0 | V36: =IF(Gares[[#This Row],[SensDe1]]=0,0,IF(ISERROR(FIND("$",Gares[[#This Row],[Vers1]]))*ISERROR(FIND("@",Gares[[#This Row],[Vers1]])),Gares[[#This Row],[SensDe1]],3-Gares[[#This Row],[SensDe1]])) -> 2 | W36: =IF(Gares[[#This Row],[SensDe2]]=0,0,IF(ISERROR(FIND("$",Gares[[#This Row],[Vers2]]))*ISERROR(FIND("@",Gares[[#This Row],[Vers2]])),Gares[[#This Row],[SensDe2]],3-Gares[[#This Row],[SensDe2]])) -> 1 | X36: =IF(Gares[[#This Row],[SensDe3]]=0,0,IF(ISERROR(FIND("$",Gares[[#This Row],[Vers3]]))*ISERROR(FIND("@",Gares[[#This Row],[Vers3]])),Gares[[#This Row],[SensDe3]],3-Gares[[#This Row],[SensDe3]])) -> 1 | Y36: =IF(Gares[[#This Row],[SensDe4]]=0,0,IF(ISERROR(FIND("$",Gares[[#This Row],[Vers4]]))*ISERROR(FIND("@",Gares[[#This Row],[Vers4]])),Gares[[#This Row],[SensDe4]],3-Gares[[#This Row],[SensDe4]])) -> 2 | Z36: =IF(Gares[[#This Row],[SensDe5]]=0,0,IF(ISERROR(FIND("$",Gares[[#This Row],[Vers5]]))*ISERROR(FIND("@",Gares[[#This Row],[Vers5]])),Gares[[#This Row],[SensDe5]],3-Gares[[#This Row],[SensDe5]])) -> 0 | AA36: =IF(Gares[[#This Row],[SensDe6]]=0,0,IF(ISERROR(FIND("$",Gares[[#This Row],[Vers6]]))*ISERROR(FIND("@",Gares[[#This Row],[Vers6]])),Gares[[#This Row],[SensDe6]],3-Gares[[#This Row],[SensDe6]])) -> 0
A37: MPU-GB | B37: Massy-Palaiseau - Garages | D37: IP | F37: =COUNTA($J37:$N37) -> 4 | G37: {=SUM(IF(SUBSTITUTE(SUBSTITUTE(SUBSTITUTE(OFFSET($J$3,0,0,ROWS(Gares[Vers1]),Param!$B$2),"&",""),"$",""),"@","")=$I37,1,0))} -> 4 | H37: =IF(F37=G37,1,0) -> 1 | I37: =Gares[[#This Row],[Abv]] -> MPU-GB | J37: LJU | K37: IGY | L37: MPU$& | M37: MVW | P37: =IF(Gares[[#This Row],[Vers1]]="",0,IF(_xlfn.XOR(ISERROR(MATCH(SUBSTITUTE(SUBSTITUTE(SUBSTITUTE(Gares[[#This Row],[Vers1]],"&",""),"$",""),"@",""),$I$2:$I36,0)),NOT(ISERROR(FIND("&",Gares[[#This Row],[Vers1]])))),2,1)) -> 2 | Q37: =IF(Gares[[#This Row],[Vers2]]="",0,IF(_xlfn.XOR(ISERROR(MATCH(SUBSTITUTE(SUBSTITUTE(SUBSTITUTE(Gares[[#This Row],[Vers2]],"&",""),"$",""),"@",""),$I$2:$I36,0)),NOT(ISERROR(FIND("&",Gares[[#This Row],[Vers2]])))),2,1)) -> 1 | R37: =IF(Gares[[#This Row],[Vers3]]="",0,IF(_xlfn.XOR(ISERROR(MATCH(SUBSTITUTE(SUBSTITUTE(SUBSTITUTE(Gares[[#This Row],[Vers3]],"&",""),"$",""),"@",""),$I$2:$I36,0)),NOT(ISERROR(FIND("&",Gares[[#This Row],[Vers3]])))),2,1)) -> 2 | S37: =IF(Gares[[#This Row],[Vers4]]="",0,IF(_xlfn.XOR(ISERROR(MATCH(SUBSTITUTE(SUBSTITUTE(SUBSTITUTE(Gares[[#This Row],[Vers4]],"&",""),"$",""),"@",""),$I$2:$I36,0)),NOT(ISERROR(FIND("&",Gares[[#This Row],[Vers4]])))),2,1)) -> 2 | T37: =IF(Gares[[#This Row],[Vers5]]="",0,IF(_xlfn.XOR(ISERROR(MATCH(SUBSTITUTE(SUBSTITUTE(SUBSTITUTE(Gares[[#This Row],[Vers5]],"&",""),"$",""),"@",""),$I$2:$I36,0)),NOT(ISERROR(FIND("&",Gares[[#This Row],[Vers5]])))),2,1)) -> 0 | U37: =IF(Gares[[#This Row],[Vers6]]="",0,IF(_xlfn.XOR(ISERROR(MATCH(SUBSTITUTE(SUBSTITUTE(SUBSTITUTE(Gares[[#This Row],[Vers6]],"&",""),"$",""),"@",""),$I$2:$I36,0)),NOT(ISERROR(FIND("&",Gares[[#This Row],[Vers6]])))),2,1)) -> 0 | V37: =IF(Gares[[#This Row],[SensDe1]]=0,0,IF(ISERROR(FIND("$",Gares[[#This Row],[Vers1]]))*ISERROR(FIND("@",Gares[[#This Row],[Vers1]])),Gares[[#This Row],[SensDe1]],3-Gares[[#This Row],[SensDe1]])) -> 2 | W37: =IF(Gares[[#This Row],[SensDe2]]=0,0,IF(ISERROR(FIND("$",Gares[[#This Row],[Vers2]]))*ISERROR(FIND("@",Gares[[#This Row],[Vers2]])),Gares[[#This Row],[SensDe2]],3-Gares[[#This Row],[SensDe2]])) -> 1 | X37: =IF(Gares[[#This Row],[SensDe3]]=0,0,IF(ISERROR(FIND("$",Gares[[#This Row],[Vers3]]))*ISERROR(FIND("@",Gares[[#This Row],[Vers3]])),Gares[[#This Row],[SensDe3]],3-Gares[[#This Row],[SensDe3]])) -> 1 | Y37: =IF(Gares[[#This Row],[SensDe4]]=0,0,IF(ISERROR(FIND("$",Gares[[#This Row],[Vers4]]))*ISERROR(FIND("@",Gares[[#This Row],[Vers4]])),Gares[[#This Row],[SensDe4]],3-Gares[[#This Row],[SensDe4]])) -> 2 | Z37: =IF(Gares[[#This Row],[SensDe5]]=0,0,IF(ISERROR(FIND("$",Gares[[#This Row],[Vers5]]))*ISERROR(FIND("@",Gares[[#This Row],[Vers5]])),Gares[[#This Row],[SensDe5]],3-Gares[[#This Row],[SensDe5]])) -> 0 | AA37: =IF(Gares[[#This Row],[SensDe6]]=0,0,IF(ISERROR(FIND("$",Gares[[#This Row],[Vers6]]))*ISERROR(FIND("@",Gares[[#This Row],[Vers6]])),Gares[[#This Row],[SensDe6]],3-Gares[[#This Row],[SensDe6]])) -> 0
A38: LJU | B38: Longjumeau | F38: =COUNTA($J38:$N38) -> 3 | G38: {=SUM(IF(SUBSTITUTE(SUBSTITUTE(SUBSTITUTE(OFFSET($J$3,0,0,ROWS(Gares[Vers1]),Param!$B$2),"&",""),"$",""),"@","")=$I38,1,0))} -> 3 | H38: =IF(F38=G38,1,0) -> 1 | I38: =Gares[[#This Row],[Abv]] -> LJU | J38: =I39 -> CAZ | K38: MPU | L38: MPU-GB | P38: =IF(Gares[[#This Row],[Vers1]]="",0,IF(_xlfn.XOR(ISERROR(MATCH(SUBSTITUTE(SUBSTITUTE(SUBSTITUTE(Gares[[#This Row],[Vers1]],"&",""),"$",""),"@",""),$I$2:$I37,0)),NOT(ISERROR(FIND("&",Gares[[#This Row],[Vers1]])))),2,1)) -> 2 | Q38: =IF(Gares[[#This Row],[Vers2]]="",0,IF(_xlfn.XOR(ISERROR(MATCH(SUBSTITUTE(SUBSTITUTE(SUBSTITUTE(Gares[[#This Row],[Vers2]],"&",""),"$",""),"@",""),$I$2:$I37,0)),NOT(ISERROR(FIND("&",Gares[[#This Row],[Vers2]])))),2,1)) -> 1 | R38: =IF(Gares[[#This Row],[Vers3]]="",0,IF(_xlfn.XOR(ISERROR(MATCH(SUBSTITUTE(SUBSTITUTE(SUBSTITUTE(Gares[[#This Row],[Vers3]],"&",""),"$",""),"@",""),$I$2:$I37,0)),NOT(ISERROR(FIND("&",Gares[[#This Row],[Vers3]])))),2,1)) -> 1 | S38: =IF(Gares[[#This Row],[Vers4]]="",0,IF(_xlfn.XOR(ISERROR(MATCH(SUBSTITUTE(SUBSTITUTE(SUBSTITUTE(Gares[[#This Row],[Vers4]],"&",""),"$",""),"@",""),$I$2:$I37,0)),NOT(ISERROR(FIND("&",Gares[[#This Row],[Vers4]])))),2,1)) -> 0 | T38: =IF(Gares[[#This Row],[Vers5]]="",0,IF(_xlfn.XOR(ISERROR(MATCH(SUBSTITUTE(SUBSTITUTE(SUBSTITUTE(Gares[[#This Row],[Vers5]],"&",""),"$",""),"@",""),$I$2:$I37,0)),NOT(ISERROR(FIND("&",Gares[[#This Row],[Vers5]])))),2,1)) -> 0 | U38: =IF(Gares[[#This Row],[Vers6]]="",0,IF(_xlfn.XOR(ISERROR(MATCH(SUBSTITUTE(SUBSTITUTE(SUBSTITUTE(Gares[[#This Row],[Vers6]],"&",""),"$",""),"@",""),$I$2:$I37,0)),NOT(ISERROR(FIND("&",Gares[[#This Row],[Vers6]])))),2,1)) -> 0 | V38: =IF(Gares[[#This Row],[SensDe1]]=0,0,IF(ISERROR(FIND("$",Gares[[#This Row],[Vers1]]))*ISERROR(FIND("@",Gares[[#This Row],[Vers1]])),Gares[[#This Row],[SensDe1]],3-Gares[[#This Row],[SensDe1]])) -> 2 | W38: =IF(Gares[[#This Row],[SensDe2]]=0,0,IF(ISERROR(FIND("$",Gares[[#This Row],[Vers2]]))*ISERROR(FIND("@",Gares[[#This Row],[Vers2]])),Gares[[#This Row],[SensDe2]],3-Gares[[#This Row],[SensDe2]])) -> 1 | X38: =IF(Gares[[#This Row],[SensDe3]]=0,0,IF(ISERROR(FIND("$",Gares[[#This Row],[Vers3]]))*ISERROR(FIND("@",Gares[[#This Row],[Vers3]])),Gares[[#This Row],[SensDe3]],3-Gares[[#This Row],[SensDe3]])) -> 1 | Y38: =IF(Gares[[#This Row],[SensDe4]]=0,0,IF(ISERROR(FIND("$",Gares[[#This Row],[Vers4]]))*ISERROR(FIND("@",Gares[[#This Row],[Vers4]])),Gares[[#This Row],[SensDe4]],3-Gares[[#This Row],[SensDe4]])) -> 0 | Z38: =IF(Gares[[#This Row],[SensDe5]]=0,0,IF(ISERROR(FIND("$",Gares[[#This Row],[Vers5]]))*ISERROR(FIND("@",Gares[[#This Row],[Vers5]])),Gares[[#This Row],[SensDe5]],3-Gares[[#This Row],[SensDe5]])) -> 0 | AA38: =IF(Gares[[#This Row],[SensDe6]]=0,0,IF(ISERROR(FIND("$",Gares[[#This Row],[Vers6]]))*ISERROR(FIND("@",Gares[[#This Row],[Vers6]])),Gares[[#This Row],[SensDe6]],3-Gares[[#This Row],[SensDe6]])) -> 0
A39: CAZ | B39: Chilly Mazarin | F39: =COUNTA($J39:$N39) -> 2 | G39: {=SUM(IF(SUBSTITUTE(SUBSTITUTE(SUBSTITUTE(OFFSET($J$3,0,0,ROWS(Gares[Vers1]),Param!$B$2),"&",""),"$",""),"@","")=$I39,1,0))} -> 2 | H39: =IF(F39=G39,1,0) -> 1 | I39: =Gares[[#This Row],[Abv]] -> CAZ | J39: =I40 -> GBI | K39: =I38 -> LJU | P39: =IF(Gares[[#This Row],[Vers1]]="",0,IF(_xlfn.XOR(ISERROR(MATCH(SUBSTITUTE(SUBSTITUTE(SUBSTITUTE(Gares[[#This Row],[Vers1]],"&",""),"$",""),"@",""),$I$2:$I38,0)),NOT(ISERROR(FIND("&",Gares[[#This Row],[Vers1]])))),2,1)) -> 2 | Q39: =IF(Gares[[#This Row],[Vers2]]="",0,IF(_xlfn.XOR(ISERROR(MATCH(SUBSTITUTE(SUBSTITUTE(SUBSTITUTE(Gares[[#This Row],[Vers2]],"&",""),"$",""),"@",""),$I$2:$I38,0)),NOT(ISERROR(FIND("&",Gares[[#This Row],[Vers2]])))),2,1)) -> 1 | R39: =IF(Gares[[#This Row],[Vers3]]="",0,IF(_xlfn.XOR(ISERROR(MATCH(SUBSTITUTE(SUBSTITUTE(SUBSTITUTE(Gares[[#This Row],[Vers3]],"&",""),"$",""),"@",""),$I$2:$I38,0)),NOT(ISERROR(FIND("&",Gares[[#This Row],[Vers3]])))),2,1)) -> 0 | S39: =IF(Gares[[#This Row],[Vers4]]="",0,IF(_xlfn.XOR(ISERROR(MATCH(SUBSTITUTE(SUBSTITUTE(SUBSTITUTE(Gares[[#This Row],[Vers4]],"&",""),"$",""),"@",""),$I$2:$I38,0)),NOT(ISERROR(FIND("&",Gares[[#This Row],[Vers4]])))),2,1)) -> 0 | T39: =IF(Gares[[#This Row],[Vers5]]="",0,IF(_xlfn.XOR(ISERROR(MATCH(SUBSTITUTE(SUBSTITUTE(SUBSTITUTE(Gares[[#This Row],[Vers5]],"&",""),"$",""),"@",""),$I$2:$I38,0)),NOT(ISERROR(FIND("&",Gares[[#This Row],[Vers5]])))),2,1)) -> 0 | U39: =IF(Gares[[#This Row],[Vers6]]="",0,IF(_xlfn.XOR(ISERROR(MATCH(SUBSTITUTE(SUBSTITUTE(SUBSTITUTE(Gares[[#This Row],[Vers6]],"&",""),"$",""),"@",""),$I$2:$I38,0)),NOT(ISERROR(FIND("&",Gares[[#This Row],[Vers6]])))),2,1)) -> 0 | V39: =IF(Gares[[#This Row],[SensDe1]]=0,0,IF(ISERROR(FIND("$",Gares[[#This Row],[Vers1]]))*ISERROR(FIND("@",Gares[[#This Row],[Vers1]])),Gares[[#This Row],[SensDe1]],3-Gares[[#This Row],[SensDe1]])) -> 2 | W39: =IF(Gares[[#This Row],[SensDe2]]=0,0,IF(ISERROR(FIND("$",Gares[[#This Row],[Vers2]]))*ISERROR(FIND("@",Gares[[#This Row],[Vers2]])),Gares[[#This Row],[SensDe2]],3-Gares[[#This Row],[SensDe2]])) -> 1 | X39: =IF(Gares[[#This Row],[SensDe3]]=0,0,IF(ISERROR(FIND("$",Gares[[#This Row],[Vers3]]))*ISERROR(FIND("@",Gares[[#This Row],[Vers3]])),Gares[[#This Row],[SensDe3]],3-Gares[[#This Row],[SensDe3]])) -> 0 | Y39: =IF(Gares[[#This Row],[SensDe4]]=0,0,IF(ISERROR(FIND("$",Gares[[#This Row],[Vers4]]))*ISERROR(FIND("@",Gares[[#This Row],[Vers4]])),Gares[[#This Row],[SensDe4]],3-Gares[[#This Row],[SensDe4]])) -> 0 | Z39: =IF(Gares[[#This Row],[SensDe5]]=0,0,IF(ISERROR(FIND("$",Gares[[#This Row],[Vers5]]))*ISERROR(FIND("@",Gares[[#This Row],[Vers5]])),Gares[[#This Row],[SensDe5]],3-Gares[[#This Row],[SensDe5]])) -> 0 | AA39: =IF(Gares[[#This Row],[SensDe6]]=0,0,IF(ISERROR(FIND("$",Gares[[#This Row],[Vers6]]))*ISERROR(FIND("@",Gares[[#This Row],[Vers6]])),Gares[[#This Row],[SensDe6]],3-Gares[[#This Row],[SensDe6]])) -> 0
A40: GBI | B40: Gravigny Balizy | F40: =COUNTA($J40:$N40) -> 2 | G40: {=SUM(IF(SUBSTITUTE(SUBSTITUTE(SUBSTITUTE(OFFSET($J$3,0,0,ROWS(Gares[Vers1]),Param!$B$2),"&",""),"$",""),"@","")=$I40,1,0))} -> 2 | H40: =IF(F40=G40,1,0) -> 1 | I40: =Gares[[#This Row],[Abv]] -> GBI | J40: =I41 -> PV | K40: =I39 -> CAZ | P40: =IF(Gares[[#This Row],[Vers1]]="",0,IF(_xlfn.XOR(ISERROR(MATCH(SUBSTITUTE(SUBSTITUTE(SUBSTITUTE(Gares[[#This Row],[Vers1]],"&",""),"$",""),"@",""),$I$2:$I39,0)),NOT(ISERROR(FIND("&",Gares[[#This Row],[Vers1]])))),2,1)) -> 2 | Q40: =IF(Gares[[#This Row],[Vers2]]="",0,IF(_xlfn.XOR(ISERROR(MATCH(SUBSTITUTE(SUBSTITUTE(SUBSTITUTE(Gares[[#This Row],[Vers2]],"&",""),"$",""),"@",""),$I$2:$I39,0)),NOT(ISERROR(FIND("&",Gares[[#This Row],[Vers2]])))),2,1)) -> 1 | R40: =IF(Gares[[#This Row],[Vers3]]="",0,IF(_xlfn.XOR(ISERROR(MATCH(SUBSTITUTE(SUBSTITUTE(SUBSTITUTE(Gares[[#This Row],[Vers3]],"&",""),"$",""),"@",""),$I$2:$I39,0)),NOT(ISERROR(FIND("&",Gares[[#This Row],[Vers3]])))),2,1)) -> 0 | S40: =IF(Gares[[#This Row],[Vers4]]="",0,IF(_xlfn.XOR(ISERROR(MATCH(SUBSTITUTE(SUBSTITUTE(SUBSTITUTE(Gares[[#This Row],[Vers4]],"&",""),"$",""),"@",""),$I$2:$I39,0)),NOT(ISERROR(FIND("&",Gares[[#This Row],[Vers4]])))),2,1)) -> 0 | T40: =IF(Gares[[#This Row],[Vers5]]="",0,IF(_xlfn.XOR(ISERROR(MATCH(SUBSTITUTE(SUBSTITUTE(SUBSTITUTE(Gares[[#This Row],[Vers5]],"&",""),"$",""),"@",""),$I$2:$I39,0)),NOT(ISERROR(FIND("&",Gares[[#This Row],[Vers5]])))),2,1)) -> 0 | U40: =IF(Gares[[#This Row],[Vers6]]="",0,IF(_xlfn.XOR(ISERROR(MATCH(SUBSTITUTE(SUBSTITUTE(SUBSTITUTE(Gares[[#This Row],[Vers6]],"&",""),"$",""),"@",""),$I$2:$I39,0)),NOT(ISERROR(FIND("&",Gares[[#This Row],[Vers6]])))),2,1)) -> 0 | V40: =IF(Gares[[#This Row],[SensDe1]]=0,0,IF(ISERROR(FIND("$",Gares[[#This Row],[Vers1]]))*ISERROR(FIND("@",Gares[[#This Row],[Vers1]])),Gares[[#This Row],[SensDe1]],3-Gares[[#This Row],[SensDe1]])) -> 2 | W40: =IF(Gares[[#This Row],[SensDe2]]=0,0,IF(ISERROR(FIND("$",Gares[[#This Row],[Vers2]]))*ISERROR(FIND("@",Gares[[#This Row],[Vers2]])),Gares[[#This Row],[SensDe2]],3-Gares[[#This Row],[SensDe2]])) -> 1 | X40: =IF(Gares[[#This Row],[SensDe3]]=0,0,IF(ISERROR(FIND("$",Gares[[#This Row],[Vers3]]))*ISERROR(FIND("@",Gares[[#This Row],[Vers3]])),Gares[[#This Row],[SensDe3]],3-Gares[[#This Row],[SensDe3]])) -> 0 | Y40: =IF(Gares[[#This Row],[SensDe4]]=0,0,IF(ISERROR(FIND("$",Gares[[#This Row],[Vers4]]))*ISERROR(FIND("@",Gares[[#This Row],[Vers4]])),Gares[[#This Row],[SensDe4]],3-Gares[[#This Row],[SensDe4]])) -> 0 | Z40: =IF(Gares[[#This Row],[SensDe5]]=0,0,IF(ISERROR(FIND("$",Gares[[#This Row],[Vers5]]))*ISERROR(FIND("@",Gares[[#This Row],[Vers5]])),Gares[[#This Row],[SensDe5]],3-Gares[[#This Row],[SensDe5]])) -> 0 | AA40: =IF(Gares[[#This Row],[SensDe6]]=0,0,IF(ISERROR(FIND("$",Gares[[#This Row],[Vers6]]))*ISERROR(FIND("@",Gares[[#This Row],[Vers6]])),Gares[[#This Row],[SensDe6]],3-Gares[[#This Row],[SensDe6]])) -> 0
A41: PV | B41: Petit Vaux | F41: =COUNTA($J41:$N41) -> 2 | G41: {=SUM(IF(SUBSTITUTE(SUBSTITUTE(SUBSTITUTE(OFFSET($J$3,0,0,ROWS(Gares[Vers1]),Param!$B$2),"&",""),"$",""),"@","")=$I41,1,0))} -> 2 | H41: =IF(F41=G41,1,0) -> 1 | I41: =Gares[[#This Row],[Abv]] -> PV | J41: =I42 -> SAO | K41: =I40 -> GBI | P41: =IF(Gares[[#This Row],[Vers1]]="",0,IF(_xlfn.XOR(ISERROR(MATCH(SUBSTITUTE(SUBSTITUTE(SUBSTITUTE(Gares[[#This Row],[Vers1]],"&",""),"$",""),"@",""),$I$2:$I40,0)),NOT(ISERROR(FIND("&",Gares[[#This Row],[Vers1]])))),2,1)) -> 2 | Q41: =IF(Gares[[#This Row],[Vers2]]="",0,IF(_xlfn.XOR(ISERROR(MATCH(SUBSTITUTE(SUBSTITUTE(SUBSTITUTE(Gares[[#This Row],[Vers2]],"&",""),"$",""),"@",""),$I$2:$I40,0)),NOT(ISERROR(FIND("&",Gares[[#This Row],[Vers2]])))),2,1)) -> 1 | R41: =IF(Gares[[#This Row],[Vers3]]="",0,IF(_xlfn.XOR(ISERROR(MATCH(SUBSTITUTE(SUBSTITUTE(SUBSTITUTE(Gares[[#This Row],[Vers3]],"&",""),"$",""),"@",""),$I$2:$I40,0)),NOT(ISERROR(FIND("&",Gares[[#This Row],[Vers3]])))),2,1)) -> 0 | S41: =IF(Gares[[#This Row],[Vers4]]="",0,IF(_xlfn.XOR(ISERROR(MATCH(SUBSTITUTE(SUBSTITUTE(SUBSTITUTE(Gares[[#This Row],[Vers4]],"&",""),"$",""),"@",""),$I$2:$I40,0)),NOT(ISERROR(FIND("&",Gares[[#This Row],[Vers4]])))),2,1)) -> 0 | T41: =IF(Gares[[#This Row],[Vers5]]="",0,IF(_xlfn.XOR(ISERROR(MATCH(SUBSTITUTE(SUBSTITUTE(SUBSTITUTE(Gares[[#This Row],[Vers5]],"&",""),"$",""),"@",""),$I$2:$I40,0)),NOT(ISERROR(FIND("&",Gares[[#This Row],[Vers5]])))),2,1)) -> 0 | U41: =IF(Gares[[#This Row],[Vers6]]="",0,IF(_xlfn.XOR(ISERROR(MATCH(SUBSTITUTE(SUBSTITUTE(SUBSTITUTE(Gares[[#This Row],[Vers6]],"&",""),"$",""),"@",""),$I$2:$I40,0)),NOT(ISERROR(FIND("&",Gares[[#This Row],[Vers6]])))),2,1)) -> 0 | V41: =IF(Gares[[#This Row],[SensDe1]]=0,0,IF(ISERROR(FIND("$",Gares[[#This Row],[Vers1]]))*ISERROR(FIND("@",Gares[[#This Row],[Vers1]])),Gares[[#This Row],[SensDe1]],3-Gares[[#This Row],[SensDe1]])) -> 2 | W41: =IF(Gares[[#This Row],[SensDe2]]=0,0,IF(ISERROR(FIND("$",Gares[[#This Row],[Vers2]]))*ISERROR(FIND("@",Gares[[#This Row],[Vers2]])),Gares[[#This Row],[SensDe2]],3-Gares[[#This Row],[SensDe2]])) -> 1 | X41: =IF(Gares[[#This Row],[SensDe3]]=0,0,IF(ISERROR(FIND("$",Gares[[#This Row],[Vers3]]))*ISERROR(FIND("@",Gares[[#This Row],[Vers3]])),Gares[[#This Row],[SensDe3]],3-Gares[[#This Row],[SensDe3]])) -> 0 | Y41: =IF(Gares[[#This Row],[SensDe4]]=0,0,IF(ISERROR(FIND("$",Gares[[#This Row],[Vers4]]))*ISERROR(FIND("@",Gares[[#This Row],[Vers4]])),Gares[[#This Row],[SensDe4]],3-Gares[[#This Row],[SensDe4]])) -> 0 | Z41: =IF(Gares[[#This Row],[SensDe5]]=0,0,IF(ISERROR(FIND("$",Gares[[#This Row],[Vers5]]))*ISERROR(FIND("@",Gares[[#This Row],[Vers5]])),Gares[[#This Row],[SensDe5]],3-Gares[[#This Row],[SensDe5]])) -> 0 | AA41: =IF(Gares[[#This Row],[SensDe6]]=0,0,IF(ISERROR(FIND("$",Gares[[#This Row],[Vers6]]))*ISERROR(FIND("@",Gares[[#This Row],[Vers6]])),Gares[[#This Row],[SensDe6]],3-Gares[[#This Row],[SensDe6]])) -> 0
A42: SAO | B42: Savigny-sur-Orge | F42: =COUNTA($J42:$N42) -> 5 | G42: {=SUM(IF(SUBSTITUTE(SUBSTITUTE(SUBSTITUTE(OFFSET($J$3,0,0,ROWS(Gares[Vers1]),Param!$B$2),"&",""),"$",""),"@","")=$I42,1,0))} -> 5 | H42: =IF(F42=G42,1,0) -> 1 | I42: =Gares[[#This Row],[Abv]] -> SAO | J42: =I43 -> JY | K42: =I41 -> PV | L42: EYO | M42: JY-EV | N42: JY-57 | P42: =IF(Gares[[#This Row],[Vers1]]="",0,IF(_xlfn.XOR(ISERROR(MATCH(SUBSTITUTE(SUBSTITUTE(SUBSTITUTE(Gares[[#This Row],[Vers1]],"&",""),"$",""),"@",""),$I$2:$I41,0)),NOT(ISERROR(FIND("&",Gares[[#This Row],[Vers1]])))),2,1)) -> 2 | Q42: =IF(Gares[[#This Row],[Vers2]]="",0,IF(_xlfn.XOR(ISERROR(MATCH(SUBSTITUTE(SUBSTITUTE(SUBSTITUTE(Gares[[#This Row],[Vers2]],"&",""),"$",""),"@",""),$I$2:$I41,0)),NOT(ISERROR(FIND("&",Gares[[#This Row],[Vers2]])))),2,1)) -> 1 | R42: =IF(Gares[[#This Row],[Vers3]]="",0,IF(_xlfn.XOR(ISERROR(MATCH(SUBSTITUTE(SUBSTITUTE(SUBSTITUTE(Gares[[#This Row],[Vers3]],"&",""),"$",""),"@",""),$I$2:$I41,0)),NOT(ISERROR(FIND("&",Gares[[#This Row],[Vers3]])))),2,1)) -> 1 | S42: =IF(Gares[[#This Row],[Vers4]]="",0,IF(_xlfn.XOR(ISERROR(MATCH(SUBSTITUTE(SUBSTITUTE(SUBSTITUTE(Gares[[#This Row],[Vers4]],"&",""),"$",""),"@",""),$I$2:$I41,0)),NOT(ISERROR(FIND("&",Gares[[#This Row],[Vers4]])))),2,1)) -> 2 | T42: =IF(Gares[[#This Row],[Vers5]]="",0,IF(_xlfn.XOR(ISERROR(MATCH(SUBSTITUTE(SUBSTITUTE(SUBSTITUTE(Gares[[#This Row],[Vers5]],"&",""),"$",""),"@",""),$I$2:$I41,0)),NOT(ISERROR(FIND("&",Gares[[#This Row],[Vers5]])))),2,1)) -> 2 | U42: =IF(Gares[[#This Row],[Vers6]]="",0,IF(_xlfn.XOR(ISERROR(MATCH(SUBSTITUTE(SUBSTITUTE(SUBSTITUTE(Gares[[#This Row],[Vers6]],"&",""),"$",""),"@",""),$I$2:$I41,0)),NOT(ISERROR(FIND("&",Gares[[#This Row],[Vers6]])))),2,1)) -> 0 | V42: =IF(Gares[[#This Row],[SensDe1]]=0,0,IF(ISERROR(FIND("$",Gares[[#This Row],[Vers1]]))*ISERROR(FIND("@",Gares[[#This Row],[Vers1]])),Gares[[#This Row],[SensDe1]],3-Gares[[#This Row],[SensDe1]])) -> 2 | W42: =IF(Gares[[#This Row],[SensDe2]]=0,0,IF(ISERROR(FIND("$",Gares[[#This Row],[Vers2]]))*ISERROR(FIND("@",Gares[[#This Row],[Vers2]])),Gares[[#This Row],[SensDe2]],3-Gares[[#This Row],[SensDe2]])) -> 1 | X42: =IF(Gares[[#This Row],[SensDe3]]=0,0,IF(ISERROR(FIND("$",Gares[[#This Row],[Vers3]]))*ISERROR(FIND("@",Gares[[#This Row],[Vers3]])),Gares[[#This Row],[SensDe3]],3-Gares[[#This Row],[SensDe3]])) -> 1 | Y42: =IF(Gares[[#This Row],[SensDe4]]=0,0,IF(ISERROR(FIND("$",Gares[[#This Row],[Vers4]]))*ISERROR(FIND("@",Gares[[#This Row],[Vers4]])),Gares[[#This Row],[SensDe4]],3-Gares[[#This Row],[SensDe4]])) -> 2 | Z42: =IF(Gares[[#This Row],[SensDe5]]=0,0,IF(ISERROR(FIND("$",Gares[[#This Row],[Vers5]]))*ISERROR(FIND("@",Gares[[#This Row],[Vers5]])),Gares[[#This Row],[SensDe5]],3-Gares[[#This Row],[SensDe5]])) -> 2 | AA42: =IF(Gares[[#This Row],[SensDe6]]=0,0,IF(ISERROR(FIND("$",Gares[[#This Row],[Vers6]]))*ISERROR(FIND("@",Gares[[#This Row],[Vers6]])),Gares[[#This Row],[SensDe6]],3-Gares[[#This Row],[SensDe6]])) -> 0
A43: JY | B43: Juvisy - Voies 1 à 4 et 6 | C43: JY-57;JY-PR | F43: =COUNTA($J43:$N43) -> 2 | G43: {=SUM(IF(SUBSTITUTE(SUBSTITUTE(SUBSTITUTE(OFFSET($J$3,0,0,ROWS(Gares[Vers1]),Param!$B$2),"&",""),"$",""),"@","")=$I43,1,0))} -> 2 | H43: =IF(F43=G43,1,0) -> 1 | I43: =Gares[[#This Row],[Abv]] -> JY | J43: ATH | K43: =I42 -> SAO | P43: =IF(Gares[[#This Row],[Vers1]]="",0,IF(_xlfn.XOR(ISERROR(MATCH(SUBSTITUTE(SUBSTITUTE(SUBSTITUTE(Gares[[#This Row],[Vers1]],"&",""),"$",""),"@",""),$I$2:$I42,0)),NOT(ISERROR(FIND("&",Gares[[#This Row],[Vers1]])))),2,1)) -> 2 | Q43: =IF(Gares[[#This Row],[Vers2]]="",0,IF(_xlfn.XOR(ISERROR(MATCH(SUBSTITUTE(SUBSTITUTE(SUBSTITUTE(Gares[[#This Row],[Vers2]],"&",""),"$",""),"@",""),$I$2:$I42,0)),NOT(ISERROR(FIND("&",Gares[[#This Row],[Vers2]])))),2,1)) -> 1 | R43: =IF(Gares[[#This Row],[Vers3]]="",0,IF(_xlfn.XOR(ISERROR(MATCH(SUBSTITUTE(SUBSTITUTE(SUBSTITUTE(Gares[[#This Row],[Vers3]],"&",""),"$",""),"@",""),$I$2:$I42,0)),NOT(ISERROR(FIND("&",Gares[[#This Row],[Vers3]])))),2,1)) -> 0 | S43: =IF(Gares[[#This Row],[Vers4]]="",0,IF(_xlfn.XOR(ISERROR(MATCH(SUBSTITUTE(SUBSTITUTE(SUBSTITUTE(Gares[[#This Row],[Vers4]],"&",""),"$",""),"@",""),$I$2:$I42,0)),NOT(ISERROR(FIND("&",Gares[[#This Row],[Vers4]])))),2,1)) -> 0 | T43: =IF(Gares[[#This Row],[Vers5]]="",0,IF(_xlfn.XOR(ISERROR(MATCH(SUBSTITUTE(SUBSTITUTE(SUBSTITUTE(Gares[[#This Row],[Vers5]],"&",""),"$",""),"@",""),$I$2:$I42,0)),NOT(ISERROR(FIND("&",Gares[[#This Row],[Vers5]])))),2,1)) -> 0 | U43: =IF(Gares[[#This Row],[Vers6]]="",0,IF(_xlfn.XOR(ISERROR(MATCH(SUBSTITUTE(SUBSTITUTE(SUBSTITUTE(Gares[[#This Row],[Vers6]],"&",""),"$",""),"@",""),$I$2:$I42,0)),NOT(ISERROR(FIND("&",Gares[[#This Row],[Vers6]])))),2,1)) -> 0 | V43: =IF(Gares[[#This Row],[SensDe1]]=0,0,IF(ISERROR(FIND("$",Gares[[#This Row],[Vers1]]))*ISERROR(FIND("@",Gares[[#This Row],[Vers1]])),Gares[[#This Row],[SensDe1]],3-Gares[[#This Row],[SensDe1]])) -> 2 | W43: =IF(Gares[[#This Row],[SensDe2]]=0,0,IF(ISERROR(FIND("$",Gares[[#This Row],[Vers2]]))*ISERROR(FIND("@",Gares[[#This Row],[Vers2]])),Gares[[#This Row],[SensDe2]],3-Gares[[#This Row],[SensDe2]])) -> 1 | X43: =IF(Gares[[#This Row],[SensDe3]]=0,0,IF(ISERROR(FIND("$",Gares[[#This Row],[Vers3]]))*ISERROR(FIND("@",Gares[[#This Row],[Vers3]])),Gares[[#This Row],[SensDe3]],3-Gares[[#This Row],[SensDe3]])) -> 0 | Y43: =IF(Gares[[#This Row],[SensDe4]]=0,0,IF(ISERROR(FIND("$",Gares[[#This Row],[Vers4]]))*ISERROR(FIND("@",Gares[[#This Row],[Vers4]])),Gares[[#This Row],[SensDe4]],3-Gares[[#This Row],[SensDe4]])) -> 0 | Z43: =IF(Gares[[#This Row],[SensDe5]]=0,0,IF(ISERROR(FIND("$",Gares[[#This Row],[Vers5]]))*ISERROR(FIND("@",Gares[[#This Row],[Vers5]])),Gares[[#This Row],[SensDe5]],3-Gares[[#This Row],[SensDe5]])) -> 0 | AA43: =IF(Gares[[#This Row],[SensDe6]]=0,0,IF(ISERROR(FIND("$",Gares[[#This Row],[Vers6]]))*ISERROR(FIND("@",Gares[[#This Row],[Vers6]])),Gares[[#This Row],[SensDe6]],3-Gares[[#This Row],[SensDe6]])) -> 0
A44: JY-57 | B44: Juvisy - Voies 5 et 7 | D44: IP | F44: =COUNTA($J44:$N44) -> 4 | G44: {=SUM(IF(SUBSTITUTE(SUBSTITUTE(SUBSTITUTE(OFFSET($J$3,0,0,ROWS(Gares[Vers1]),Param!$B$2),"&",""),"$",""),"@","")=$I44,1,0))} -> 4 | H44: =IF(F44=G44,1,0) -> 1 | I44: =Gares[[#This Row],[Abv]] -> JY-57 | J44: ATH | K44: ATH-EV | L44: SAO | M44: JY-AN | P44: =IF(Gares[[#This Row],[Vers1]]="",0,IF(_xlfn.XOR(ISERROR(MATCH(SUBSTITUTE(SUBSTITUTE(SUBSTITUTE(Gares[[#This Row],[Vers1]],"&",""),"$",""),"@",""),$I$2:$I43,0)),NOT(ISERROR(FIND("&",Gares[[#This Row],[Vers1]])))),2,1)) -> 2 | Q44: =IF(Gares[[#This Row],[Vers2]]="",0,IF(_xlfn.XOR(ISERROR(MATCH(SUBSTITUTE(SUBSTITUTE(SUBSTITUTE(Gares[[#This Row],[Vers2]],"&",""),"$",""),"@",""),$I$2:$I43,0)),NOT(ISERROR(FIND("&",Gares[[#This Row],[Vers2]])))),2,1)) -> 2 | R44: =IF(Gares[[#This Row],[Vers3]]="",0,IF(_xlfn.XOR(ISERROR(MATCH(SUBSTITUTE(SUBSTITUTE(SUBSTITUTE(Gares[[#This Row],[Vers3]],"&",""),"$",""),"@",""),$I$2:$I43,0)),NOT(ISERROR(FIND("&",Gares[[#This Row],[Vers3]])))),2,1)) -> 1 | S44: =IF(Gares[[#This Row],[Vers4]]="",0,IF(_xlfn.XOR(ISERROR(MATCH(SUBSTITUTE(SUBSTITUTE(SUBSTITUTE(Gares[[#This Row],[Vers4]],"&",""),"$",""),"@",""),$I$2:$I43,0)),NOT(ISERROR(FIND("&",Gares[[#This Row],[Vers4]])))),2,1)) -> 2 | T44: =IF(Gares[[#This Row],[Vers5]]="",0,IF(_xlfn.XOR(ISERROR(MATCH(SUBSTITUTE(SUBSTITUTE(SUBSTITUTE(Gares[[#This Row],[Vers5]],"&",""),"$",""),"@",""),$I$2:$I43,0)),NOT(ISERROR(FIND("&",Gares[[#This Row],[Vers5]])))),2,1)) -> 0 | U44: =IF(Gares[[#This Row],[Vers6]]="",0,IF(_xlfn.XOR(ISERROR(MATCH(SUBSTITUTE(SUBSTITUTE(SUBSTITUTE(Gares[[#This Row],[Vers6]],"&",""),"$",""),"@",""),$I$2:$I43,0)),NOT(ISERROR(FIND("&",Gares[[#This Row],[Vers6]])))),2,1)) -> 0 | V44: =IF(Gares[[#This Row],[SensDe1]]=0,0,IF(ISERROR(FIND("$",Gares[[#This Row],[Vers1]]))*ISERROR(FIND("@",Gares[[#This Row],[Vers1]])),Gares[[#This Row],[SensDe1]],3-Gares[[#This Row],[SensDe1]])) -> 2 | W44: =IF(Gares[[#This Row],[SensDe2]]=0,0,IF(ISERROR(FIND("$",Gares[[#This Row],[Vers2]]))*ISERROR(FIND("@",Gares[[#This Row],[Vers2]])),Gares[[#This Row],[SensDe2]],3-Gares[[#This Row],[SensDe2]])) -> 2 | X44: =IF(Gares[[#This Row],[SensDe3]]=0,0,IF(ISERROR(FIND("$",Gares[[#This Row],[Vers3]]))*ISERROR(FIND("@",Gares[[#This Row],[Vers3]])),Gares[[#This Row],[SensDe3]],3-Gares[[#This Row],[SensDe3]])) -> 1 | Y44: =IF(Gares[[#This Row],[SensDe4]]=0,0,IF(ISERROR(FIND("$",Gares[[#This Row],[Vers4]]))*ISERROR(FIND("@",Gares[[#This Row],[Vers4]])),Gares[[#This Row],[SensDe4]],3-Gares[[#This Row],[SensDe4]])) -> 2 | Z44: =IF(Gares[[#This Row],[SensDe5]]=0,0,IF(ISERROR(FIND("$",Gares[[#This Row],[Vers5]]))*ISERROR(FIND("@",Gares[[#This Row],[Vers5]])),Gares[[#This Row],[SensDe5]],3-Gares[[#This Row],[SensDe5]])) -> 0 | AA44: =IF(Gares[[#This Row],[SensDe6]]=0,0,IF(ISERROR(FIND("$",Gares[[#This Row],[Vers6]]))*ISERROR(FIND("@",Gares[[#This Row],[Vers6]])),Gares[[#This Row],[SensDe6]],3-Gares[[#This Row],[SensDe6]])) -> 0
A45: JY-EV | B45: Juvisy - EV | F45: =COUNTA($J45:$N45) -> 3 | G45: {=SUM(IF(SUBSTITUTE(SUBSTITUTE(SUBSTITUTE(OFFSET($J$3,0,0,ROWS(Gares[Vers1]),Param!$B$2),"&",""),"$",""),"@","")=$I45,1,0))} -> 3 | H45: =IF(F45=G45,1,0) -> 1 | I45: =Gares[[#This Row],[Abv]] -> JY-EV | J45: ATH-EV | K45: SAO | L45: JY-PR | P45: =IF(Gares[[#This Row],[Vers1]]="",0,IF(_xlfn.XOR(ISERROR(MATCH(SUBSTITUTE(SUBSTITUTE(SUBSTITUTE(Gares[[#This Row],[Vers1]],"&",""),"$",""),"@",""),$I$2:$I44,0)),NOT(ISERROR(FIND("&",Gares[[#This Row],[Vers1]])))),2,1)) -> 2 | Q45: =IF(Gares[[#This Row],[Vers2]]="",0,IF(_xlfn.XOR(ISERROR(MATCH(SUBSTITUTE(SUBSTITUTE(SUBSTITUTE(Gares[[#This Row],[Vers2]],"&",""),"$",""),"@",""),$I$2:$I44,0)),NOT(ISERROR(FIND("&",Gares[[#This Row],[Vers2]])))),2,1)) -> 1 | R45: =IF(Gares[[#This Row],[Vers3]]="",0,IF(_xlfn.XOR(ISERROR(MATCH(SUBSTITUTE(SUBSTITUTE(SUBSTITUTE(Gares[[#This Row],[Vers3]],"&",""),"$",""),"@",""),$I$2:$I44,0)),NOT(ISERROR(FIND("&",Gares[[#This Row],[Vers3]])))),2,1)) -> 2 | S45: =IF(Gares[[#This Row],[Vers4]]="",0,IF(_xlfn.XOR(ISERROR(MATCH(SUBSTITUTE(SUBSTITUTE(SUBSTITUTE(Gares[[#This Row],[Vers4]],"&",""),"$",""),"@",""),$I$2:$I44,0)),NOT(ISERROR(FIND("&",Gares[[#This Row],[Vers4]])))),2,1)) -> 0 | T45: =IF(Gares[[#This Row],[Vers5]]="",0,IF(_xlfn.XOR(ISERROR(MATCH(SUBSTITUTE(SUBSTITUTE(SUBSTITUTE(Gares[[#This Row],[Vers5]],"&",""),"$",""),"@",""),$I$2:$I44,0)),NOT(ISERROR(FIND("&",Gares[[#This Row],[Vers5]])))),2,1)) -> 0 | U45: =IF(Gares[[#This Row],[Vers6]]="",0,IF(_xlfn.XOR(ISERROR(MATCH(SUBSTITUTE(SUBSTITUTE(SUBSTITUTE(Gares[[#This Row],[Vers6]],"&",""),"$",""),"@",""),$I$2:$I44,0)),NOT(ISERROR(FIND("&",Gares[[#This Row],[Vers6]])))),2,1)) -> 0 | V45: =IF(Gares[[#This Row],[SensDe1]]=0,0,IF(ISERROR(FIND("$",Gares[[#This Row],[Vers1]]))*ISERROR(FIND("@",Gares[[#This Row],[Vers1]])),Gares[[#This Row],[SensDe1]],3-Gares[[#This Row],[SensDe1]])) -> 2 | W45: =IF(Gares[[#This Row],[SensDe2]]=0,0,IF(ISERROR(FIND("$",Gares[[#This Row],[Vers2]]))*ISERROR(FIND("@",Gares[[#This Row],[Vers2]])),Gares[[#This Row],[SensDe2]],3-Gares[[#This Row],[SensDe2]])) -> 1 | X45: =IF(Gares[[#This Row],[SensDe3]]=0,0,IF(ISERROR(FIND("$",Gares[[#This Row],[Vers3]]))*ISERROR(FIND("@",Gares[[#This Row],[Vers3]])),Gares[[#This Row],[SensDe3]],3-Gares[[#This Row],[SensDe3]])) -> 2 | Y45: =IF(Gares[[#This Row],[SensDe4]]=0,0,IF(ISERROR(FIND("$",Gares[[#This Row],[Vers4]]))*ISERROR(FIND("@",Gares[[#This Row],[Vers4]])),Gares[[#This Row],[SensDe4]],3-Gares[[#This Row],[SensDe4]])) -> 0 | Z45: =IF(Gares[[#This Row],[SensDe5]]=0,0,IF(ISERROR(FIND("$",Gares[[#This Row],[Vers5]]))*ISERROR(FIND("@",Gares[[#This Row],[Vers5]])),Gares[[#This Row],[SensDe5]],3-Gares[[#This Row],[SensDe5]])) -> 0 | AA45: =IF(Gares[[#This Row],[SensDe6]]=0,0,IF(ISERROR(FIND("$",Gares[[#This Row],[Vers6]]))*ISERROR(FIND("@",Gares[[#This Row],[Vers6]])),Gares[[#This Row],[SensDe6]],3-Gares[[#This Row],[SensDe6]])) -> 0
A46: JY-AN | B46: Juvisy - Garages (faisceau R1) | D46: P | F46: =COUNTA($J46:$N46) -> 1 | G46: {=SUM(IF(SUBSTITUTE(SUBSTITUTE(SUBSTITUTE(OFFSET($J$3,0,0,ROWS(Gares[Vers1]),Param!$B$2),"&",""),"$",""),"@","")=$I46,1,0))} -> 1 | H46: =IF(F46=G46,1,0) -> 1 | I46: =Gares[[#This Row],[Abv]] -> JY-AN | J46: JY-57 | P46: =IF(Gares[[#This Row],[Vers1]]="",0,IF(_xlfn.XOR(ISERROR(MATCH(SUBSTITUTE(SUBSTITUTE(SUBSTITUTE(Gares[[#This Row],[Vers1]],"&",""),"$",""),"@",""),$I$2:$I44,0)),NOT(ISERROR(FIND("&",Gares[[#This Row],[Vers1]])))),2,1)) -> 1 | Q46: =IF(Gares[[#This Row],[Vers2]]="",0,IF(_xlfn.XOR(ISERROR(MATCH(SUBSTITUTE(SUBSTITUTE(SUBSTITUTE(Gares[[#This Row],[Vers2]],"&",""),"$",""),"@",""),$I$2:$I44,0)),NOT(ISERROR(FIND("&",Gares[[#This Row],[Vers2]])))),2,1)) -> 0 | R46: =IF(Gares[[#This Row],[Vers3]]="",0,IF(_xlfn.XOR(ISERROR(MATCH(SUBSTITUTE(SUBSTITUTE(SUBSTITUTE(Gares[[#This Row],[Vers3]],"&",""),"$",""),"@",""),$I$2:$I44,0)),NOT(ISERROR(FIND("&",Gares[[#This Row],[Vers3]])))),2,1)) -> 0 | S46: =IF(Gares[[#This Row],[Vers4]]="",0,IF(_xlfn.XOR(ISERROR(MATCH(SUBSTITUTE(SUBSTITUTE(SUBSTITUTE(Gares[[#This Row],[Vers4]],"&",""),"$",""),"@",""),$I$2:$I44,0)),NOT(ISERROR(FIND("&",Gares[[#This Row],[Vers4]])))),2,1)) -> 0 | T46: =IF(Gares[[#This Row],[Vers5]]="",0,IF(_xlfn.XOR(ISERROR(MATCH(SUBSTITUTE(SUBSTITUTE(SUBSTITUTE(Gares[[#This Row],[Vers5]],"&",""),"$",""),"@",""),$I$2:$I44,0)),NOT(ISERROR(FIND("&",Gares[[#This Row],[Vers5]])))),2,1)) -> 0 | U46: =IF(Gares[[#This Row],[Vers6]]="",0,IF(_xlfn.XOR(ISERROR(MATCH(SUBSTITUTE(SUBSTITUTE(SUBSTITUTE(Gares[[#This Row],[Vers6]],"&",""),"$",""),"@",""),$I$2:$I44,0)),NOT(ISERROR(FIND("&",Gares[[#This Row],[Vers6]])))),2,1)) -> 0 | V46: =IF(Gares[[#This Row],[SensDe1]]=0,0,IF(ISERROR(FIND("$",Gares[[#This Row],[Vers1]]))*ISERROR(FIND("@",Gares[[#This Row],[Vers1]])),Gares[[#This Row],[SensDe1]],3-Gares[[#This Row],[SensDe1]])) -> 1 | W46: =IF(Gares[[#This Row],[SensDe2]]=0,0,IF(ISERROR(FIND("$",Gares[[#This Row],[Vers2]]))*ISERROR(FIND("@",Gares[[#This Row],[Vers2]])),Gares[[#This Row],[SensDe2]],3-Gares[[#This Row],[SensDe2]])) -> 0 | X46: =IF(Gares[[#This Row],[SensDe3]]=0,0,IF(ISERROR(FIND("$",Gares[[#This Row],[Vers3]]))*ISERROR(FIND("@",Gares[[#This Row],[Vers3]])),Gares[[#This Row],[SensDe3]],3-Gares[[#This Row],[SensDe3]])) -> 0 | Y46: =IF(Gares[[#This Row],[SensDe4]]=0,0,IF(ISERROR(FIND("$",Gares[[#This Row],[Vers4]]))*ISERROR(FIND("@",Gares[[#This Row],[Vers4]])),Gares[[#This Row],[SensDe4]],3-Gares[[#This Row],[SensDe4]])) -> 0 | Z46: =IF(Gares[[#This Row],[SensDe5]]=0,0,IF(ISERROR(FIND("$",Gares[[#This Row],[Vers5]]))*ISERROR(FIND("@",Gares[[#This Row],[Vers5]])),Gares[[#This Row],[SensDe5]],3-Gares[[#This Row],[SensDe5]])) -> 0 | AA46: =IF(Gares[[#This Row],[SensDe6]]=0,0,IF(ISERROR(FIND("$",Gares[[#This Row],[Vers6]]))*ISERROR(FIND("@",Gares[[#This Row],[Vers6]])),Gares[[#This Row],[SensDe6]],3-Gares[[#This Row],[SensDe6]])) -> 0
A47: JY-PR | B47: Juvisy - Faisceau pair | D47: IP | F47: =COUNTA($J47:$N47) -> 2 | G47: {=SUM(IF(SUBSTITUTE(SUBSTITUTE(SUBSTITUTE(OFFSET($J$3,0,0,ROWS(Gares[Vers1]),Param!$B$2),"&",""),"$",""),"@","")=$I47,1,0))} -> 2 | H47: =IF(F47=G47,1,0) -> 1 | I47: =Gares[[#This Row],[Abv]] -> JY-PR | J47: ATH-EV | K47: JY-EV | P47: =IF(Gares[[#This Row],[Vers1]]="",0,IF(_xlfn.XOR(ISERROR(MATCH(SUBSTITUTE(SUBSTITUTE(SUBSTITUTE(Gares[[#This Row],[Vers1]],"&",""),"$",""),"@",""),$I$2:$I46,0)),NOT(ISERROR(FIND("&",Gares[[#This Row],[Vers1]])))),2,1)) -> 2 | Q47: =IF(Gares[[#This Row],[Vers2]]="",0,IF(_xlfn.XOR(ISERROR(MATCH(SUBSTITUTE(SUBSTITUTE(SUBSTITUTE(Gares[[#This Row],[Vers2]],"&",""),"$",""),"@",""),$I$2:$I46,0)),NOT(ISERROR(FIND("&",Gares[[#This Row],[Vers2]])))),2,1)) -> 1 | R47: =IF(Gares[[#This Row],[Vers3]]="",0,IF(_xlfn.XOR(ISERROR(MATCH(SUBSTITUTE(SUBSTITUTE(SUBSTITUTE(Gares[[#This Row],[Vers3]],"&",""),"$",""),"@",""),$I$2:$I46,0)),NOT(ISERROR(FIND("&",Gares[[#This Row],[Vers3]])))),2,1)) -> 0 | S47: =IF(Gares[[#This Row],[Vers4]]="",0,IF(_xlfn.XOR(ISERROR(MATCH(SUBSTITUTE(SUBSTITUTE(SUBSTITUTE(Gares[[#This Row],[Vers4]],"&",""),"$",""),"@",""),$I$2:$I46,0)),NOT(ISERROR(FIND("&",Gares[[#This Row],[Vers4]])))),2,1)) -> 0 | T47: =IF(Gares[[#This Row],[Vers5]]="",0,IF(_xlfn.XOR(ISERROR(MATCH(SUBSTITUTE(SUBSTITUTE(SUBSTITUTE(Gares[[#This Row],[Vers5]],"&",""),"$",""),"@",""),$I$2:$I46,0)),NOT(ISERROR(FIND("&",Gares[[#This Row],[Vers5]])))),2,1)) -> 0 | U47: =IF(Gares[[#This Row],[Vers6]]="",0,IF(_xlfn.XOR(ISERROR(MATCH(SUBSTITUTE(SUBSTITUTE(SUBSTITUTE(Gares[[#This Row],[Vers6]],"&",""),"$",""),"@",""),$I$2:$I46,0)),NOT(ISERROR(FIND("&",Gares[[#This Row],[Vers6]])))),2,1)) -> 0 | V47: =IF(Gares[[#This Row],[SensDe1]]=0,0,IF(ISERROR(FIND("$",Gares[[#This Row],[Vers1]]))*ISERROR(FIND("@",Gares[[#This Row],[Vers1]])),Gares[[#This Row],[SensDe1]],3-Gares[[#This Row],[SensDe1]])) -> 2 | W47: =IF(Gares[[#This Row],[SensDe2]]=0,0,IF(ISERROR(FIND("$",Gares[[#This Row],[Vers2]]))*ISERROR(FIND("@",Gares[[#This Row],[Vers2]])),Gares[[#This Row],[SensDe2]],3-Gares[[#This Row],[SensDe2]])) -> 1 | X47: =IF(Gares[[#This Row],[SensDe3]]=0,0,IF(ISERROR(FIND("$",Gares[[#This Row],[Vers3]]))*ISERROR(FIND("@",Gares[[#This Row],[Vers3]])),Gares[[#This Row],[SensDe3]],3-Gares[[#This Row],[SensDe3]])) -> 0 | Y47: =IF(Gares[[#This Row],[SensDe4]]=0,0,IF(ISERROR(FIND("$",Gares[[#This Row],[Vers4]]))*ISERROR(FIND("@",Gares[[#This Row],[Vers4]])),Gares[[#This Row],[SensDe4]],3-Gares[[#This Row],[SensDe4]])) -> 0 | Z47: =IF(Gares[[#This Row],[SensDe5]]=0,0,IF(ISERROR(FIND("$",Gares[[#This Row],[Vers5]]))*ISERROR(FIND("@",Gares[[#This Row],[Vers5]])),Gares[[#This Row],[SensDe5]],3-Gares[[#This Row],[SensDe5]])) -> 0 | AA47: =IF(Gares[[#This Row],[SensDe6]]=0,0,IF(ISERROR(FIND("$",Gares[[#This Row],[Vers6]]))*ISERROR(FIND("@",Gares[[#This Row],[Vers6]])),Gares[[#This Row],[SensDe6]],3-Gares[[#This Row],[SensDe6]])) -> 0
A48: ATH-EV | B48: Athis Mons - EV | F48: =COUNTA($J48:$N48) -> 5 | G48: {=SUM(IF(SUBSTITUTE(SUBSTITUTE(SUBSTITUTE(OFFSET($J$3,0,0,ROWS(Gares[Vers1]),Param!$B$2),"&",""),"$",""),"@","")=$I48,1,0))} -> 5 | H48: =IF(F48=G48,1,0) -> 1 | I48: =Gares[[#This Row],[Abv]] -> ATH-EV | J48: OY-MG@ | K48: JY-EV | L48: JY-57 | M48: JY-PR | N48: CLR-1T | P48: =IF(Gares[[#This Row],[Vers1]]="",0,IF(_xlfn.XOR(ISERROR(MATCH(SUBSTITUTE(SUBSTITUTE(SUBSTITUTE(Gares[[#This Row],[Vers1]],"&",""),"$",""),"@",""),$I$2:$I47,0)),NOT(ISERROR(FIND("&",Gares[[#This Row],[Vers1]])))),2,1)) -> 2 | Q48: =IF(Gares[[#This Row],[Vers2]]="",0,IF(_xlfn.XOR(ISERROR(MATCH(SUBSTITUTE(SUBSTITUTE(SUBSTITUTE(Gares[[#This Row],[Vers2]],"&",""),"$",""),"@",""),$I$2:$I47,0)),NOT(ISERROR(FIND("&",Gares[[#This Row],[Vers2]])))),2,1)) -> 1 | R48: =IF(Gares[[#This Row],[Vers3]]="",0,IF(_xlfn.XOR(ISERROR(MATCH(SUBSTITUTE(SUBSTITUTE(SUBSTITUTE(Gares[[#This Row],[Vers3]],"&",""),"$",""),"@",""),$I$2:$I47,0)),NOT(ISERROR(FIND("&",Gares[[#This Row],[Vers3]])))),2,1)) -> 1 | S48: =IF(Gares[[#This Row],[Vers4]]="",0,IF(_xlfn.XOR(ISERROR(MATCH(SUBSTITUTE(SUBSTITUTE(SUBSTITUTE(Gares[[#This Row],[Vers4]],"&",""),"$",""),"@",""),$I$2:$I47,0)),NOT(ISERROR(FIND("&",Gares[[#This Row],[Vers4]])))),2,1)) -> 1 | T48: =IF(Gares[[#This Row],[Vers5]]="",0,IF(_xlfn.XOR(ISERROR(MATCH(SUBSTITUTE(SUBSTITUTE(SUBSTITUTE(Gares[[#This Row],[Vers5]],"&",""),"$",""),"@",""),$I$2:$I47,0)),NOT(ISERROR(FIND("&",Gares[[#This Row],[Vers5]])))),2,1)) -> 2 | U48: =IF(Gares[[#This Row],[Vers6]]="",0,IF(_xlfn.XOR(ISERROR(MATCH(SUBSTITUTE(SUBSTITUTE(SUBSTITUTE(Gares[[#This Row],[Vers6]],"&",""),"$",""),"@",""),$I$2:$I47,0)),NOT(ISERROR(FIND("&",Gares[[#This Row],[Vers6]])))),2,1)) -> 0 | V48: =IF(Gares[[#This Row],[SensDe1]]=0,0,IF(ISERROR(FIND("$",Gares[[#This Row],[Vers1]]))*ISERROR(FIND("@",Gares[[#This Row],[Vers1]])),Gares[[#This Row],[SensDe1]],3-Gares[[#This Row],[SensDe1]])) -> 1 | W48: =IF(Gares[[#This Row],[SensDe2]]=0,0,IF(ISERROR(FIND("$",Gares[[#This Row],[Vers2]]))*ISERROR(FIND("@",Gares[[#This Row],[Vers2]])),Gares[[#This Row],[SensDe2]],3-Gares[[#This Row],[SensDe2]])) -> 1 | X48: =IF(Gares[[#This Row],[SensDe3]]=0,0,IF(ISERROR(FIND("$",Gares[[#This Row],[Vers3]]))*ISERROR(FIND("@",Gares[[#This Row],[Vers3]])),Gares[[#This Row],[SensDe3]],3-Gares[[#This Row],[SensDe3]])) -> 1 | Y48: =IF(Gares[[#This Row],[SensDe4]]=0,0,IF(ISERROR(FIND("$",Gares[[#This Row],[Vers4]]))*ISERROR(FIND("@",Gares[[#This Row],[Vers4]])),Gares[[#This Row],[SensDe4]],3-Gares[[#This Row],[SensDe4]])) -> 1 | Z48: =IF(Gares[[#This Row],[SensDe5]]=0,0,IF(ISERROR(FIND("$",Gares[[#This Row],[Vers5]]))*ISERROR(FIND("@",Gares[[#This Row],[Vers5]])),Gares[[#This Row],[SensDe5]],3-Gares[[#This Row],[SensDe5]])) -> 2 | AA48: =IF(Gares[[#This Row],[SensDe6]]=0,0,IF(ISERROR(FIND("$",Gares[[#This Row],[Vers6]]))*ISERROR(FIND("@",Gares[[#This Row],[Vers6]])),Gares[[#This Row],[SensDe6]],3-Gares[[#This Row],[SensDe6]])) -> 0
A49: ATH | B49: Athis Mons | C49: ATH-EV | F49: =COUNTA($J49:$N49) -> 3 | G49: {=SUM(IF(SUBSTITUTE(SUBSTITUTE(SUBSTITUTE(OFFSET($J$3,0,0,ROWS(Gares[Vers1]),Param!$B$2),"&",""),"$",""),"@","")=$I49,1,0))} -> 3 | H49: =IF(F49=G49,1,0) -> 1 | I49: =Gares[[#This Row],[Abv]] -> ATH | J49: =I50 -> ABL | K49: JY | L49: JY-57 | P49: =IF(Gares[[#This Row],[Vers1]]="",0,IF(_xlfn.XOR(ISERROR(MATCH(SUBSTITUTE(SUBSTITUTE(SUBSTITUTE(Gares[[#This Row],[Vers1]],"&",""),"$",""),"@",""),$I$2:$I48,0)),NOT(ISERROR(FIND("&",Gares[[#This Row],[Vers1]])))),2,1)) -> 2 | Q49: =IF(Gares[[#This Row],[Vers2]]="",0,IF(_xlfn.XOR(ISERROR(MATCH(SUBSTITUTE(SUBSTITUTE(SUBSTITUTE(Gares[[#This Row],[Vers2]],"&",""),"$",""),"@",""),$I$2:$I48,0)),NOT(ISERROR(FIND("&",Gares[[#This Row],[Vers2]])))),2,1)) -> 1 | R49: =IF(Gares[[#This Row],[Vers3]]="",0,IF(_xlfn.XOR(ISERROR(MATCH(SUBSTITUTE(SUBSTITUTE(SUBSTITUTE(Gares[[#This Row],[Vers3]],"&",""),"$",""),"@",""),$I$2:$I48,0)),NOT(ISERROR(FIND("&",Gares[[#This Row],[Vers3]])))),2,1)) -> 1 | S49: =IF(Gares[[#This Row],[Vers4]]="",0,IF(_xlfn.XOR(ISERROR(MATCH(SUBSTITUTE(SUBSTITUTE(SUBSTITUTE(Gares[[#This Row],[Vers4]],"&",""),"$",""),"@",""),$I$2:$I48,0)),NOT(ISERROR(FIND("&",Gares[[#This Row],[Vers4]])))),2,1)) -> 0 | T49: =IF(Gares[[#This Row],[Vers5]]="",0,IF(_xlfn.XOR(ISERROR(MATCH(SUBSTITUTE(SUBSTITUTE(SUBSTITUTE(Gares[[#This Row],[Vers5]],"&",""),"$",""),"@",""),$I$2:$I48,0)),NOT(ISERROR(FIND("&",Gares[[#This Row],[Vers5]])))),2,1)) -> 0 | U49: =IF(Gares[[#This Row],[Vers6]]="",0,IF(_xlfn.XOR(ISERROR(MATCH(SUBSTITUTE(SUBSTITUTE(SUBSTITUTE(Gares[[#This Row],[Vers6]],"&",""),"$",""),"@",""),$I$2:$I48,0)),NOT(ISERROR(FIND("&",Gares[[#This Row],[Vers6]])))),2,1)) -> 0 | V49: =IF(Gares[[#This Row],[SensDe1]]=0,0,IF(ISERROR(FIND("$",Gares[[#This Row],[Vers1]]))*ISERROR(FIND("@",Gares[[#This Row],[Vers1]])),Gares[[#This Row],[SensDe1]],3-Gares[[#This Row],[SensDe1]])) -> 2 | W49: =IF(Gares[[#This Row],[SensDe2]]=0,0,IF(ISERROR(FIND("$",Gares[[#This Row],[Vers2]]))*ISERROR(FIND("@",Gares[[#This Row],[Vers2]])),Gares[[#This Row],[SensDe2]],3-Gares[[#This Row],[SensDe2]])) -> 1 | X49: =IF(Gares[[#This Row],[SensDe3]]=0,0,IF(ISERROR(FIND("$",Gares[[#This Row],[Vers3]]))*ISERROR(FIND("@",Gares[[#This Row],[Vers3]])),Gares[[#This Row],[SensDe3]],3-Gares[[#This Row],[SensDe3]])) -> 1 | Y49: =IF(Gares[[#This Row],[SensDe4]]=0,0,IF(ISERROR(FIND("$",Gares[[#This Row],[Vers4]]))*ISERROR(FIND("@",Gares[[#This Row],[Vers4]])),Gares[[#This Row],[SensDe4]],3-Gares[[#This Row],[SensDe4]])) -> 0 | Z49: =IF(Gares[[#This Row],[SensDe5]]=0,0,IF(ISERROR(FIND("$",Gares[[#This Row],[Vers5]]))*ISERROR(FIND("@",Gares[[#This Row],[Vers5]])),Gares[[#This Row],[SensDe5]],3-Gares[[#This Row],[SensDe5]])) -> 0 | AA49: =IF(Gares[[#This Row],[SensDe6]]=0,0,IF(ISERROR(FIND("$",Gares[[#This Row],[Vers6]]))*ISERROR(FIND("@",Gares[[#This Row],[Vers6]])),Gares[[#This Row],[SensDe6]],3-Gares[[#This Row],[SensDe6]])) -> 0
A50: ABL | B50: Ablon | F50: =COUNTA($J50:$N50) -> 2 | G50: {=SUM(IF(SUBSTITUTE(SUBSTITUTE(SUBSTITUTE(OFFSET($J$3,0,0,ROWS(Gares[Vers1]),Param!$B$2),"&",""),"$",""),"@","")=$I50,1,0))} -> 2 | H50: =IF(F50=G50,1,0) -> 1 | I50: =Gares[[#This Row],[Abv]] -> ABL | J50: =I51 -> VRI | K50: =I49 -> ATH | P50: =IF(Gares[[#This Row],[Vers1]]="",0,IF(_xlfn.XOR(ISERROR(MATCH(SUBSTITUTE(SUBSTITUTE(SUBSTITUTE(Gares[[#This Row],[Vers1]],"&",""),"$",""),"@",""),$I$2:$I49,0)),NOT(ISERROR(FIND("&",Gares[[#This Row],[Vers1]])))),2,1)) -> 2 | Q50: =IF(Gares[[#This Row],[Vers2]]="",0,IF(_xlfn.XOR(ISERROR(MATCH(SUBSTITUTE(SUBSTITUTE(SUBSTITUTE(Gares[[#This Row],[Vers2]],"&",""),"$",""),"@",""),$I$2:$I49,0)),NOT(ISERROR(FIND("&",Gares[[#This Row],[Vers2]])))),2,1)) -> 1 | R50: =IF(Gares[[#This Row],[Vers3]]="",0,IF(_xlfn.XOR(ISERROR(MATCH(SUBSTITUTE(SUBSTITUTE(SUBSTITUTE(Gares[[#This Row],[Vers3]],"&",""),"$",""),"@",""),$I$2:$I49,0)),NOT(ISERROR(FIND("&",Gares[[#This Row],[Vers3]])))),2,1)) -> 0 | S50: =IF(Gares[[#This Row],[Vers4]]="",0,IF(_xlfn.XOR(ISERROR(MATCH(SUBSTITUTE(SUBSTITUTE(SUBSTITUTE(Gares[[#This Row],[Vers4]],"&",""),"$",""),"@",""),$I$2:$I49,0)),NOT(ISERROR(FIND("&",Gares[[#This Row],[Vers4]])))),2,1)) -> 0 | T50: =IF(Gares[[#This Row],[Vers5]]="",0,IF(_xlfn.XOR(ISERROR(MATCH(SUBSTITUTE(SUBSTITUTE(SUBSTITUTE(Gares[[#This Row],[Vers5]],"&",""),"$",""),"@",""),$I$2:$I49,0)),NOT(ISERROR(FIND("&",Gares[[#This Row],[Vers5]])))),2,1)) -> 0 | U50: =IF(Gares[[#This Row],[Vers6]]="",0,IF(_xlfn.XOR(ISERROR(MATCH(SUBSTITUTE(SUBSTITUTE(SUBSTITUTE(Gares[[#This Row],[Vers6]],"&",""),"$",""),"@",""),$I$2:$I49,0)),NOT(ISERROR(FIND("&",Gares[[#This Row],[Vers6]])))),2,1)) -> 0 | V50: =IF(Gares[[#This Row],[SensDe1]]=0,0,IF(ISERROR(FIND("$",Gares[[#This Row],[Vers1]]))*ISERROR(FIND("@",Gares[[#This Row],[Vers1]])),Gares[[#This Row],[SensDe1]],3-Gares[[#This Row],[SensDe1]])) -> 2 | W50: =IF(Gares[[#This Row],[SensDe2]]=0,0,IF(ISERROR(FIND("$",Gares[[#This Row],[Vers2]]))*ISERROR(FIND("@",Gares[[#This Row],[Vers2]])),Gares[[#This Row],[SensDe2]],3-Gares[[#This Row],[SensDe2]])) -> 1 | X50: =IF(Gares[[#This Row],[SensDe3]]=0,0,IF(ISERROR(FIND("$",Gares[[#This Row],[Vers3]]))*ISERROR(FIND("@",Gares[[#This Row],[Vers3]])),Gares[[#This Row],[SensDe3]],3-Gares[[#This Row],[SensDe3]])) -> 0 | Y50: =IF(Gares[[#This Row],[SensDe4]]=0,0,IF(ISERROR(FIND("$",Gares[[#This Row],[Vers4]]))*ISERROR(FIND("@",Gares[[#This Row],[Vers4]])),Gares[[#This Row],[SensDe4]],3-Gares[[#This Row],[SensDe4]])) -> 0 | Z50: =IF(Gares[[#This Row],[SensDe5]]=0,0,IF(ISERROR(FIND("$",Gares[[#This Row],[Vers5]]))*ISERROR(FIND("@",Gares[[#This Row],[Vers5]])),Gares[[#This Row],[SensDe5]],3-Gares[[#This Row],[SensDe5]])) -> 0 | AA50: =IF(Gares[[#This Row],[SensDe6]]=0,0,IF(ISERROR(FIND("$",Gares[[#This Row],[Vers6]]))*ISERROR(FIND("@",Gares[[#This Row],[Vers6]])),Gares[[#This Row],[SensDe6]],3-Gares[[#This Row],[SensDe6]])) -> 0
A51: VRI | B51: Villeneuve Le Roi | F51: =COUNTA($J51:$N51) -> 2 | G51: {=SUM(IF(SUBSTITUTE(SUBSTITUTE(SUBSTITUTE(OFFSET($J$3,0,0,ROWS(Gares[Vers1]),Param!$B$2),"&",""),"$",""),"@","")=$I51,1,0))} -> 2 | H51: =IF(F51=G51,1,0) -> 1 | I51: =Gares[[#This Row],[Abv]] -> VRI | J51: CLR | K51: =I50 -> ABL | P51: =IF(Gares[[#This Row],[Vers1]]="",0,IF(_xlfn.XOR(ISERROR(MATCH(SUBSTITUTE(SUBSTITUTE(SUBSTITUTE(Gares[[#This Row],[Vers1]],"&",""),"$",""),"@",""),$I$2:$I50,0)),NOT(ISERROR(FIND("&",Gares[[#This Row],[Vers1]])))),2,1)) -> 2 | Q51: =IF(Gares[[#This Row],[Vers2]]="",0,IF(_xlfn.XOR(ISERROR(MATCH(SUBSTITUTE(SUBSTITUTE(SUBSTITUTE(Gares[[#This Row],[Vers2]],"&",""),"$",""),"@",""),$I$2:$I50,0)),NOT(ISERROR(FIND("&",Gares[[#This Row],[Vers2]])))),2,1)) -> 1 | R51: =IF(Gares[[#This Row],[Vers3]]="",0,IF(_xlfn.XOR(ISERROR(MATCH(SUBSTITUTE(SUBSTITUTE(SUBSTITUTE(Gares[[#This Row],[Vers3]],"&",""),"$",""),"@",""),$I$2:$I50,0)),NOT(ISERROR(FIND("&",Gares[[#This Row],[Vers3]])))),2,1)) -> 0 | S51: =IF(Gares[[#This Row],[Vers4]]="",0,IF(_xlfn.XOR(ISERROR(MATCH(SUBSTITUTE(SUBSTITUTE(SUBSTITUTE(Gares[[#This Row],[Vers4]],"&",""),"$",""),"@",""),$I$2:$I50,0)),NOT(ISERROR(FIND("&",Gares[[#This Row],[Vers4]])))),2,1)) -> 0 | T51: =IF(Gares[[#This Row],[Vers5]]="",0,IF(_xlfn.XOR(ISERROR(MATCH(SUBSTITUTE(SUBSTITUTE(SUBSTITUTE(Gares[[#This Row],[Vers5]],"&",""),"$",""),"@",""),$I$2:$I50,0)),NOT(ISERROR(FIND("&",Gares[[#This Row],[Vers5]])))),2,1)) -> 0 | U51: =IF(Gares[[#This Row],[Vers6]]="",0,IF(_xlfn.XOR(ISERROR(MATCH(SUBSTITUTE(SUBSTITUTE(SUBSTITUTE(Gares[[#This Row],[Vers6]],"&",""),"$",""),"@",""),$I$2:$I50,0)),NOT(ISERROR(FIND("&",Gares[[#This Row],[Vers6]])))),2,1)) -> 0 | V51: =IF(Gares[[#This Row],[SensDe1]]=0,0,IF(ISERROR(FIND("$",Gares[[#This Row],[Vers1]]))*ISERROR(FIND("@",Gares[[#This Row],[Vers1]])),Gares[[#This Row],[SensDe1]],3-Gares[[#This Row],[SensDe1]])) -> 2 | W51: =IF(Gares[[#This Row],[SensDe2]]=0,0,IF(ISERROR(FIND("$",Gares[[#This Row],[Vers2]]))*ISERROR(FIND("@",Gares[[#This Row],[Vers2]])),Gares[[#This Row],[SensDe2]],3-Gares[[#This Row],[SensDe2]])) -> 1 | X51: =IF(Gares[[#This Row],[SensDe3]]=0,0,IF(ISERROR(FIND("$",Gares[[#This Row],[Vers3]]))*ISERROR(FIND("@",Gares[[#This Row],[Vers3]])),Gares[[#This Row],[SensDe3]],3-Gares[[#This Row],[SensDe3]])) -> 0 | Y51: =IF(Gares[[#This Row],[SensDe4]]=0,0,IF(ISERROR(FIND("$",Gares[[#This Row],[Vers4]]))*ISERROR(FIND("@",Gares[[#This Row],[Vers4]])),Gares[[#This Row],[SensDe4]],3-Gares[[#This Row],[SensDe4]])) -> 0 | Z51: =IF(Gares[[#This Row],[SensDe5]]=0,0,IF(ISERROR(FIND("$",Gares[[#This Row],[Vers5]]))*ISERROR(FIND("@",Gares[[#This Row],[Vers5]])),Gares[[#This Row],[SensDe5]],3-Gares[[#This Row],[SensDe5]])) -> 0 | AA51: =IF(Gares[[#This Row],[SensDe6]]=0,0,IF(ISERROR(FIND("$",Gares[[#This Row],[Vers6]]))*ISERROR(FIND("@",Gares[[#This Row],[Vers6]])),Gares[[#This Row],[SensDe6]],3-Gares[[#This Row],[SensDe6]])) -> 0
A52: MVW | B52: Massy-Verrières | F52: =COUNTA($J52:$N52) -> 3 | G52: {=SUM(IF(SUBSTITUTE(SUBSTITUTE(SUBSTITUTE(OFFSET($J$3,0,0,ROWS(Gares[Vers1]),Param!$B$2),"&",""),"$",""),"@","")=$I52,1,0))} -> 3 | H52: =IF(F52=G52,1,0) -> 1 | I52: =Gares[[#This Row],[Abv]] -> MVW | J52: =I53 -> CHQ | K52: MPU | L52: MPU-GB | P52: =IF(Gares[[#This Row],[Vers1]]="",0,IF(_xlfn.XOR(ISERROR(MATCH(SUBSTITUTE(SUBSTITUTE(SUBSTITUTE(Gares[[#This Row],[Vers1]],"&",""),"$",""),"@",""),$I$2:$I51,0)),NOT(ISERROR(FIND("&",Gares[[#This Row],[Vers1]])))),2,1)) -> 2 | Q52: =IF(Gares[[#This Row],[Vers2]]="",0,IF(_xlfn.XOR(ISERROR(MATCH(SUBSTITUTE(SUBSTITUTE(SUBSTITUTE(Gares[[#This Row],[Vers2]],"&",""),"$",""),"@",""),$I$2:$I51,0)),NOT(ISERROR(FIND("&",Gares[[#This Row],[Vers2]])))),2,1)) -> 1 | R52: =IF(Gares[[#This Row],[Vers3]]="",0,IF(_xlfn.XOR(ISERROR(MATCH(SUBSTITUTE(SUBSTITUTE(SUBSTITUTE(Gares[[#This Row],[Vers3]],"&",""),"$",""),"@",""),$I$2:$I51,0)),NOT(ISERROR(FIND("&",Gares[[#This Row],[Vers3]])))),2,1)) -> 1 | S52: =IF(Gares[[#This Row],[Vers4]]="",0,IF(_xlfn.XOR(ISERROR(MATCH(SUBSTITUTE(SUBSTITUTE(SUBSTITUTE(Gares[[#This Row],[Vers4]],"&",""),"$",""),"@",""),$I$2:$I51,0)),NOT(ISERROR(FIND("&",Gares[[#This Row],[Vers4]])))),2,1)) -> 0 | T52: =IF(Gares[[#This Row],[Vers5]]="",0,IF(_xlfn.XOR(ISERROR(MATCH(SUBSTITUTE(SUBSTITUTE(SUBSTITUTE(Gares[[#This Row],[Vers5]],"&",""),"$",""),"@",""),$I$2:$I51,0)),NOT(ISERROR(FIND("&",Gares[[#This Row],[Vers5]])))),2,1)) -> 0 | U52: =IF(Gares[[#This Row],[Vers6]]="",0,IF(_xlfn.XOR(ISERROR(MATCH(SUBSTITUTE(SUBSTITUTE(SUBSTITUTE(Gares[[#This Row],[Vers6]],"&",""),"$",""),"@",""),$I$2:$I51,0)),NOT(ISERROR(FIND("&",Gares[[#This Row],[Vers6]])))),2,1)) -> 0 | V52: =IF(Gares[[#This Row],[SensDe1]]=0,0,IF(ISERROR(FIND("$",Gares[[#This Row],[Vers1]]))*ISERROR(FIND("@",Gares[[#This Row],[Vers1]])),Gares[[#This Row],[SensDe1]],3-Gares[[#This Row],[SensDe1]])) -> 2 | W52: =IF(Gares[[#This Row],[SensDe2]]=0,0,IF(ISERROR(FIND("$",Gares[[#This Row],[Vers2]]))*ISERROR(FIND("@",Gares[[#This Row],[Vers2]])),Gares[[#This Row],[SensDe2]],3-Gares[[#This Row],[SensDe2]])) -> 1 | X52: =IF(Gares[[#This Row],[SensDe3]]=0,0,IF(ISERROR(FIND("$",Gares[[#This Row],[Vers3]]))*ISERROR(FIND("@",Gares[[#This Row],[Vers3]])),Gares[[#This Row],[SensDe3]],3-Gares[[#This Row],[SensDe3]])) -> 1 | Y52: =IF(Gares[[#This Row],[SensDe4]]=0,0,IF(ISERROR(FIND("$",Gares[[#This Row],[Vers4]]))*ISERROR(FIND("@",Gares[[#This Row],[Vers4]])),Gares[[#This Row],[SensDe4]],3-Gares[[#This Row],[SensDe4]])) -> 0 | Z52: =IF(Gares[[#This Row],[SensDe5]]=0,0,IF(ISERROR(FIND("$",Gares[[#This Row],[Vers5]]))*ISERROR(FIND("@",Gares[[#This Row],[Vers5]])),Gares[[#This Row],[SensDe5]],3-Gares[[#This Row],[SensDe5]])) -> 0 | AA52: =IF(Gares[[#This Row],[SensDe6]]=0,0,IF(ISERROR(FIND("$",Gares[[#This Row],[Vers6]]))*ISERROR(FIND("@",Gares[[#This Row],[Vers6]])),Gares[[#This Row],[SensDe6]],3-Gares[[#This Row],[SensDe6]])) -> 0
A53: CHQ | B53: Chemin d'Antony | F53: =COUNTA($J53:$N53) -> 2 | G53: {=SUM(IF(SUBSTITUTE(SUBSTITUTE(SUBSTITUTE(OFFSET($J$3,0,0,ROWS(Gares[Vers1]),Param!$B$2),"&",""),"$",""),"@","")=$I53,1,0))} -> 2 | H53: =IF(F53=G53,1,0) -> 1 | I53: =Gares[[#This Row],[Abv]] -> CHQ | J53: =I54 -> RF | K53: =I52 -> MVW | P53: =IF(Gares[[#This Row],[Vers1]]="",0,IF(_xlfn.XOR(ISERROR(MATCH(SUBSTITUTE(SUBSTITUTE(SUBSTITUTE(Gares[[#This Row],[Vers1]],"&",""),"$",""),"@",""),$I$2:$I52,0)),NOT(ISERROR(FIND("&",Gares[[#This Row],[Vers1]])))),2,1)) -> 2 | Q53: =IF(Gares[[#This Row],[Vers2]]="",0,IF(_xlfn.XOR(ISERROR(MATCH(SUBSTITUTE(SUBSTITUTE(SUBSTITUTE(Gares[[#This Row],[Vers2]],"&",""),"$",""),"@",""),$I$2:$I52,0)),NOT(ISERROR(FIND("&",Gares[[#This Row],[Vers2]])))),2,1)) -> 1 | R53: =IF(Gares[[#This Row],[Vers3]]="",0,IF(_xlfn.XOR(ISERROR(MATCH(SUBSTITUTE(SUBSTITUTE(SUBSTITUTE(Gares[[#This Row],[Vers3]],"&",""),"$",""),"@",""),$I$2:$I52,0)),NOT(ISERROR(FIND("&",Gares[[#This Row],[Vers3]])))),2,1)) -> 0 | S53: =IF(Gares[[#This Row],[Vers4]]="",0,IF(_xlfn.XOR(ISERROR(MATCH(SUBSTITUTE(SUBSTITUTE(SUBSTITUTE(Gares[[#This Row],[Vers4]],"&",""),"$",""),"@",""),$I$2:$I52,0)),NOT(ISERROR(FIND("&",Gares[[#This Row],[Vers4]])))),2,1)) -> 0 | T53: =IF(Gares[[#This Row],[Vers5]]="",0,IF(_xlfn.XOR(ISERROR(MATCH(SUBSTITUTE(SUBSTITUTE(SUBSTITUTE(Gares[[#This Row],[Vers5]],"&",""),"$",""),"@",""),$I$2:$I52,0)),NOT(ISERROR(FIND("&",Gares[[#This Row],[Vers5]])))),2,1)) -> 0 | U53: =IF(Gares[[#This Row],[Vers6]]="",0,IF(_xlfn.XOR(ISERROR(MATCH(SUBSTITUTE(SUBSTITUTE(SUBSTITUTE(Gares[[#This Row],[Vers6]],"&",""),"$",""),"@",""),$I$2:$I52,0)),NOT(ISERROR(FIND("&",Gares[[#This Row],[Vers6]])))),2,1)) -> 0 | V53: =IF(Gares[[#This Row],[SensDe1]]=0,0,IF(ISERROR(FIND("$",Gares[[#This Row],[Vers1]]))*ISERROR(FIND("@",Gares[[#This Row],[Vers1]])),Gares[[#This Row],[SensDe1]],3-Gares[[#This Row],[SensDe1]])) -> 2 | W53: =IF(Gares[[#This Row],[SensDe2]]=0,0,IF(ISERROR(FIND("$",Gares[[#This Row],[Vers2]]))*ISERROR(FIND("@",Gares[[#This Row],[Vers2]])),Gares[[#This Row],[SensDe2]],3-Gares[[#This Row],[SensDe2]])) -> 1 | X53: =IF(Gares[[#This Row],[SensDe3]]=0,0,IF(ISERROR(FIND("$",Gares[[#This Row],[Vers3]]))*ISERROR(FIND("@",Gares[[#This Row],[Vers3]])),Gares[[#This Row],[SensDe3]],3-Gares[[#This Row],[SensDe3]])) -> 0 | Y53: =IF(Gares[[#This Row],[SensDe4]]=0,0,IF(ISERROR(FIND("$",Gares[[#This Row],[Vers4]]))*ISERROR(FIND("@",Gares[[#This Row],[Vers4]])),Gares[[#This Row],[SensDe4]],3-Gares[[#This Row],[SensDe4]])) -> 0 | Z53: =IF(Gares[[#This Row],[SensDe5]]=0,0,IF(ISERROR(FIND("$",Gares[[#This Row],[Vers5]]))*ISERROR(FIND("@",Gares[[#This Row],[Vers5]])),Gares[[#This Row],[SensDe5]],3-Gares[[#This Row],[SensDe5]])) -> 0 | AA53: =IF(Gares[[#This Row],[SensDe6]]=0,0,IF(ISERROR(FIND("$",Gares[[#This Row],[Vers6]]))*ISERROR(FIND("@",Gares[[#This Row],[Vers6]])),Gares[[#This Row],[SensDe6]],3-Gares[[#This Row],[SensDe6]])) -> 0
A54: RF | B54: Rungis La Fraternelle | F54: =COUNTA($J54:$N54) -> 2 | G54: {=SUM(IF(SUBSTITUTE(SUBSTITUTE(SUBSTITUTE(OFFSET($J$3,0,0,ROWS(Gares[Vers1]),Param!$B$2),"&",""),"$",""),"@","")=$I54,1,0))} -> 2 | H54: =IF(F54=G54,1,0) -> 1 | I54: =Gares[[#This Row],[Abv]] -> RF | J54: PRU | K54: =I53 -> CHQ | P54: =IF(Gares[[#This Row],[Vers1]]="",0,IF(_xlfn.XOR(ISERROR(MATCH(SUBSTITUTE(SUBSTITUTE(SUBSTITUTE(Gares[[#This Row],[Vers1]],"&",""),"$",""),"@",""),$I$2:$I53,0)),NOT(ISERROR(FIND("&",Gares[[#This Row],[Vers1]])))),2,1)) -> 2 | Q54: =IF(Gares[[#This Row],[Vers2]]="",0,IF(_xlfn.XOR(ISERROR(MATCH(SUBSTITUTE(SUBSTITUTE(SUBSTITUTE(Gares[[#This Row],[Vers2]],"&",""),"$",""),"@",""),$I$2:$I53,0)),NOT(ISERROR(FIND("&",Gares[[#This Row],[Vers2]])))),2,1)) -> 1 | R54: =IF(Gares[[#This Row],[Vers3]]="",0,IF(_xlfn.XOR(ISERROR(MATCH(SUBSTITUTE(SUBSTITUTE(SUBSTITUTE(Gares[[#This Row],[Vers3]],"&",""),"$",""),"@",""),$I$2:$I53,0)),NOT(ISERROR(FIND("&",Gares[[#This Row],[Vers3]])))),2,1)) -> 0 | S54: =IF(Gares[[#This Row],[Vers4]]="",0,IF(_xlfn.XOR(ISERROR(MATCH(SUBSTITUTE(SUBSTITUTE(SUBSTITUTE(Gares[[#This Row],[Vers4]],"&",""),"$",""),"@",""),$I$2:$I53,0)),NOT(ISERROR(FIND("&",Gares[[#This Row],[Vers4]])))),2,1)) -> 0 | T54: =IF(Gares[[#This Row],[Vers5]]="",0,IF(_xlfn.XOR(ISERROR(MATCH(SUBSTITUTE(SUBSTITUTE(SUBSTITUTE(Gares[[#This Row],[Vers5]],"&",""),"$",""),"@",""),$I$2:$I53,0)),NOT(ISERROR(FIND("&",Gares[[#This Row],[Vers5]])))),2,1)) -> 0 | U54: =IF(Gares[[#This Row],[Vers6]]="",0,IF(_xlfn.XOR(ISERROR(MATCH(SUBSTITUTE(SUBSTITUTE(SUBSTITUTE(Gares[[#This Row],[Vers6]],"&",""),"$",""),"@",""),$I$2:$I53,0)),NOT(ISERROR(FIND("&",Gares[[#This Row],[Vers6]])))),2,1)) -> 0 | V54: =IF(Gares[[#This Row],[SensDe1]]=0,0,IF(ISERROR(FIND("$",Gares[[#This Row],[Vers1]]))*ISERROR(FIND("@",Gares[[#This Row],[Vers1]])),Gares[[#This Row],[SensDe1]],3-Gares[[#This Row],[SensDe1]])) -> 2 | W54: =IF(Gares[[#This Row],[SensDe2]]=0,0,IF(ISERROR(FIND("$",Gares[[#This Row],[Vers2]]))*ISERROR(FIND("@",Gares[[#This Row],[Vers2]])),Gares[[#This Row],[SensDe2]],3-Gares[[#This Row],[SensDe2]])) -> 1 | X54: =IF(Gares[[#This Row],[SensDe3]]=0,0,IF(ISERROR(FIND("$",Gares[[#This Row],[Vers3]]))*ISERROR(FIND("@",Gares[[#This Row],[Vers3]])),Gares[[#This Row],[SensDe3]],3-Gares[[#This Row],[SensDe3]])) -> 0 | Y54: =IF(Gares[[#This Row],[SensDe4]]=0,0,IF(ISERROR(FIND("$",Gares[[#This Row],[Vers4]]))*ISERROR(FIND("@",Gares[[#This Row],[Vers4]])),Gares[[#This Row],[SensDe4]],3-Gares[[#This Row],[SensDe4]])) -> 0 | Z54: =IF(Gares[[#This Row],[SensDe5]]=0,0,IF(ISERROR(FIND("$",Gares[[#This Row],[Vers5]]))*ISERROR(FIND("@",Gares[[#This Row],[Vers5]])),Gares[[#This Row],[SensDe5]],3-Gares[[#This Row],[SensDe5]])) -> 0 | AA54: =IF(Gares[[#This Row],[SensDe6]]=0,0,IF(ISERROR(FIND("$",Gares[[#This Row],[Vers6]]))*ISERROR(FIND("@",Gares[[#This Row],[Vers6]])),Gares[[#This Row],[SensDe6]],3-Gares[[#This Row],[SensDe6]])) -> 0
A55: RUN-MI | B55: Rungis - Terminal | D55: I | F55: =COUNTA($J55:$N55) -> 2 | G55: {=SUM(IF(SUBSTITUTE(SUBSTITUTE(SUBSTITUTE(OFFSET($J$3,0,0,ROWS(Gares[Vers1]),Param!$B$2),"&",""),"$",""),"@","")=$I55,1,0))} -> 2 | H55: =IF(F55=G55,1,0) -> 1 | I55: =Gares[[#This Row],[Abv]] -> RUN-MI | J55: =I56 -> PRU | K55: OY-MG | P55: =IF(Gares[[#This Row],[Vers1]]="",0,IF(_xlfn.XOR(ISERROR(MATCH(SUBSTITUTE(SUBSTITUTE(SUBSTITUTE(Gares[[#This Row],[Vers1]],"&",""),"$",""),"@",""),$I$2:$I54,0)),NOT(ISERROR(FIND("&",Gares[[#This Row],[Vers1]])))),2,1)) -> 2 | Q55: =IF(Gares[[#This Row],[Vers2]]="",0,IF(_xlfn.XOR(ISERROR(MATCH(SUBSTITUTE(SUBSTITUTE(SUBSTITUTE(Gares[[#This Row],[Vers2]],"&",""),"$",""),"@",""),$I$2:$I54,0)),NOT(ISERROR(FIND("&",Gares[[#This Row],[Vers2]])))),2,1)) -> 2 | R55: =IF(Gares[[#This Row],[Vers3]]="",0,IF(_xlfn.XOR(ISERROR(MATCH(SUBSTITUTE(SUBSTITUTE(SUBSTITUTE(Gares[[#This Row],[Vers3]],"&",""),"$",""),"@",""),$I$2:$I54,0)),NOT(ISERROR(FIND("&",Gares[[#This Row],[Vers3]])))),2,1)) -> 0 | S55: =IF(Gares[[#This Row],[Vers4]]="",0,IF(_xlfn.XOR(ISERROR(MATCH(SUBSTITUTE(SUBSTITUTE(SUBSTITUTE(Gares[[#This Row],[Vers4]],"&",""),"$",""),"@",""),$I$2:$I54,0)),NOT(ISERROR(FIND("&",Gares[[#This Row],[Vers4]])))),2,1)) -> 0 | T55: =IF(Gares[[#This Row],[Vers5]]="",0,IF(_xlfn.XOR(ISERROR(MATCH(SUBSTITUTE(SUBSTITUTE(SUBSTITUTE(Gares[[#This Row],[Vers5]],"&",""),"$",""),"@",""),$I$2:$I54,0)),NOT(ISERROR(FIND("&",Gares[[#This Row],[Vers5]])))),2,1)) -> 0 | U55: =IF(Gares[[#This Row],[Vers6]]="",0,IF(_xlfn.XOR(ISERROR(MATCH(SUBSTITUTE(SUBSTITUTE(SUBSTITUTE(Gares[[#This Row],[Vers6]],"&",""),"$",""),"@",""),$I$2:$I54,0)),NOT(ISERROR(FIND("&",Gares[[#This Row],[Vers6]])))),2,1)) -> 0 | V55: =IF(Gares[[#This Row],[SensDe1]]=0,0,IF(ISERROR(FIND("$",Gares[[#This Row],[Vers1]]))*ISERROR(FIND("@",Gares[[#This Row],[Vers1]])),Gares[[#This Row],[SensDe1]],3-Gares[[#This Row],[SensDe1]])) -> 2 | W55: =IF(Gares[[#This Row],[SensDe2]]=0,0,IF(ISERROR(FIND("$",Gares[[#This Row],[Vers2]]))*ISERROR(FIND("@",Gares[[#This Row],[Vers2]])),Gares[[#This Row],[SensDe2]],3-Gares[[#This Row],[SensDe2]])) -> 2 | X55: =IF(Gares[[#This Row],[SensDe3]]=0,0,IF(ISERROR(FIND("$",Gares[[#This Row],[Vers3]]))*ISERROR(FIND("@",Gares[[#This Row],[Vers3]])),Gares[[#This Row],[SensDe3]],3-Gares[[#This Row],[SensDe3]])) -> 0 | Y55: =IF(Gares[[#This Row],[SensDe4]]=0,0,IF(ISERROR(FIND("$",Gares[[#This Row],[Vers4]]))*ISERROR(FIND("@",Gares[[#This Row],[Vers4]])),Gares[[#This Row],[SensDe4]],3-Gares[[#This Row],[SensDe4]])) -> 0 | Z55: =IF(Gares[[#This Row],[SensDe5]]=0,0,IF(ISERROR(FIND("$",Gares[[#This Row],[Vers5]]))*ISERROR(FIND("@",Gares[[#This Row],[Vers5]])),Gares[[#This Row],[SensDe5]],3-Gares[[#This Row],[SensDe5]])) -> 0 | AA55: =IF(Gares[[#This Row],[SensDe6]]=0,0,IF(ISERROR(FIND("$",Gares[[#This Row],[Vers6]]))*ISERROR(FIND("@",Gares[[#This Row],[Vers6]])),Gares[[#This Row],[SensDe6]],3-Gares[[#This Row],[SensDe6]])) -> 0
A56: PRU | B56: Pont de Rungis Aéroport d'Orly | D56: IP | F56: =COUNTA($J56:$N56) -> 4 | G56: {=SUM(IF(SUBSTITUTE(SUBSTITUTE(SUBSTITUTE(OFFSET($J$3,0,0,ROWS(Gares[Vers1]),Param!$B$2),"&",""),"$",""),"@","")=$I56,1,0))} -> 4 | H56: =IF(F56=G56,1,0) -> 1 | I56: =Gares[[#This Row],[Abv]] -> PRU | J56: OY | K56: RF | L56: RUN-MI | M56: OY-MG | P56: =IF(Gares[[#This Row],[Vers1]]="",0,IF(_xlfn.XOR(ISERROR(MATCH(SUBSTITUTE(SUBSTITUTE(SUBSTITUTE(Gares[[#This Row],[Vers1]],"&",""),"$",""),"@",""),$I$2:$I55,0)),NOT(ISERROR(FIND("&",Gares[[#This Row],[Vers1]])))),2,1)) -> 2 | Q56: =IF(Gares[[#This Row],[Vers2]]="",0,IF(_xlfn.XOR(ISERROR(MATCH(SUBSTITUTE(SUBSTITUTE(SUBSTITUTE(Gares[[#This Row],[Vers2]],"&",""),"$",""),"@",""),$I$2:$I55,0)),NOT(ISERROR(FIND("&",Gares[[#This Row],[Vers2]])))),2,1)) -> 1 | R56: =IF(Gares[[#This Row],[Vers3]]="",0,IF(_xlfn.XOR(ISERROR(MATCH(SUBSTITUTE(SUBSTITUTE(SUBSTITUTE(Gares[[#This Row],[Vers3]],"&",""),"$",""),"@",""),$I$2:$I55,0)),NOT(ISERROR(FIND("&",Gares[[#This Row],[Vers3]])))),2,1)) -> 1 | S56: =IF(Gares[[#This Row],[Vers4]]="",0,IF(_xlfn.XOR(ISERROR(MATCH(SUBSTITUTE(SUBSTITUTE(SUBSTITUTE(Gares[[#This Row],[Vers4]],"&",""),"$",""),"@",""),$I$2:$I55,0)),NOT(ISERROR(FIND("&",Gares[[#This Row],[Vers4]])))),2,1)) -> 2 | T56: =IF(Gares[[#This Row],[Vers5]]="",0,IF(_xlfn.XOR(ISERROR(MATCH(SUBSTITUTE(SUBSTITUTE(SUBSTITUTE(Gares[[#This Row],[Vers5]],"&",""),"$",""),"@",""),$I$2:$I55,0)),NOT(ISERROR(FIND("&",Gares[[#This Row],[Vers5]])))),2,1)) -> 0 | U56: =IF(Gares[[#This Row],[Vers6]]="",0,IF(_xlfn.XOR(ISERROR(MATCH(SUBSTITUTE(SUBSTITUTE(SUBSTITUTE(Gares[[#This Row],[Vers6]],"&",""),"$",""),"@",""),$I$2:$I55,0)),NOT(ISERROR(FIND("&",Gares[[#This Row],[Vers6]])))),2,1)) -> 0 | V56: =IF(Gares[[#This Row],[SensDe1]]=0,0,IF(ISERROR(FIND("$",Gares[[#This Row],[Vers1]]))*ISERROR(FIND("@",Gares[[#This Row],[Vers1]])),Gares[[#This Row],[SensDe1]],3-Gares[[#This Row],[SensDe1]])) -> 2 | W56: =IF(Gares[[#This Row],[SensDe2]]=0,0,IF(ISERROR(FIND("$",Gares[[#This Row],[Vers2]]))*ISERROR(FIND("@",Gares[[#This Row],[Vers2]])),Gares[[#This Row],[SensDe2]],3-Gares[[#This Row],[SensDe2]])) -> 1 | X56: =IF(Gares[[#This Row],[SensDe3]]=0,0,IF(ISERROR(FIND("$",Gares[[#This Row],[Vers3]]))*ISERROR(FIND("@",Gares[[#This Row],[Vers3]])),Gares[[#This Row],[SensDe3]],3-Gares[[#This Row],[SensDe3]])) -> 1 | Y56: =IF(Gares[[#This Row],[SensDe4]]=0,0,IF(ISERROR(FIND("$",Gares[[#This Row],[Vers4]]))*ISERROR(FIND("@",Gares[[#This Row],[Vers4]])),Gares[[#This Row],[SensDe4]],3-Gares[[#This Row],[SensDe4]])) -> 2 | Z56: =IF(Gares[[#This Row],[SensDe5]]=0,0,IF(ISERROR(FIND("$",Gares[[#This Row],[Vers5]]))*ISERROR(FIND("@",Gares[[#This Row],[Vers5]])),Gares[[#This Row],[SensDe5]],3-Gares[[#This Row],[SensDe5]])) -> 0 | AA56: =IF(Gares[[#This Row],[SensDe6]]=0,0,IF(ISERROR(FIND("$",Gares[[#This Row],[Vers6]]))*ISERROR(FIND("@",Gares[[#This Row],[Vers6]])),Gares[[#This Row],[SensDe6]],3-Gares[[#This Row],[SensDe6]])) -> 0
A57: OY-MG | B57: Orly - Voie MG | F57: =COUNTA($J57:$N57) -> 3 | G57: {=SUM(IF(SUBSTITUTE(SUBSTITUTE(SUBSTITUTE(OFFSET($J$3,0,0,ROWS(Gares[Vers1]),Param!$B$2),"&",""),"$",""),"@","")=$I57,1,0))} -> 3 | H57: =IF(F57=G57,1,0) -> 1 | I57: =Gares[[#This Row],[Abv]] -> OY-MG | J57: ATH-EV@ | K57: PRU | L57: RUN-MI | P57: =IF(Gares[[#This Row],[Vers1]]="",0,IF(_xlfn.XOR(ISERROR(MATCH(SUBSTITUTE(SUBSTITUTE(SUBSTITUTE(Gares[[#This Row],[Vers1]],"&",""),"$",""),"@",""),$I$2:$I56,0)),NOT(ISERROR(FIND("&",Gares[[#This Row],[Vers1]])))),2,1)) -> 1 | Q57: =IF(Gares[[#This Row],[Vers2]]="",0,IF(_xlfn.XOR(ISERROR(MATCH(SUBSTITUTE(SUBSTITUTE(SUBSTITUTE(Gares[[#This Row],[Vers2]],"&",""),"$",""),"@",""),$I$2:$I56,0)),NOT(ISERROR(FIND("&",Gares[[#This Row],[Vers2]])))),2,1)) -> 1 | R57: =IF(Gares[[#This Row],[Vers3]]="",0,IF(_xlfn.XOR(ISERROR(MATCH(SUBSTITUTE(SUBSTITUTE(SUBSTITUTE(Gares[[#This Row],[Vers3]],"&",""),"$",""),"@",""),$I$2:$I56,0)),NOT(ISERROR(FIND("&",Gares[[#This Row],[Vers3]])))),2,1)) -> 1 | S57: =IF(Gares[[#This Row],[Vers4]]="",0,IF(_xlfn.XOR(ISERROR(MATCH(SUBSTITUTE(SUBSTITUTE(SUBSTITUTE(Gares[[#This Row],[Vers4]],"&",""),"$",""),"@",""),$I$2:$I56,0)),NOT(ISERROR(FIND("&",Gares[[#This Row],[Vers4]])))),2,1)) -> 0 | T57: =IF(Gares[[#This Row],[Vers5]]="",0,IF(_xlfn.XOR(ISERROR(MATCH(SUBSTITUTE(SUBSTITUTE(SUBSTITUTE(Gares[[#This Row],[Vers5]],"&",""),"$",""),"@",""),$I$2:$I56,0)),NOT(ISERROR(FIND("&",Gares[[#This Row],[Vers5]])))),2,1)) -> 0 | U57: =IF(Gares[[#This Row],[Vers6]]="",0,IF(_xlfn.XOR(ISERROR(MATCH(SUBSTITUTE(SUBSTITUTE(SUBSTITUTE(Gares[[#This Row],[Vers6]],"&",""),"$",""),"@",""),$I$2:$I56,0)),NOT(ISERROR(FIND("&",Gares[[#This Row],[Vers6]])))),2,1)) -> 0 | V57: =IF(Gares[[#This Row],[SensDe1]]=0,0,IF(ISERROR(FIND("$",Gares[[#This Row],[Vers1]]))*ISERROR(FIND("@",Gares[[#This Row],[Vers1]])),Gares[[#This Row],[SensDe1]],3-Gares[[#This Row],[SensDe1]])) -> 2 | W57: =IF(Gares[[#This Row],[SensDe2]]=0,0,IF(ISERROR(FIND("$",Gares[[#This Row],[Vers2]]))*ISERROR(FIND("@",Gares[[#This Row],[Vers2]])),Gares[[#This Row],[SensDe2]],3-Gares[[#This Row],[SensDe2]])) -> 1 | X57: =IF(Gares[[#This Row],[SensDe3]]=0,0,IF(ISERROR(FIND("$",Gares[[#This Row],[Vers3]]))*ISERROR(FIND("@",Gares[[#This Row],[Vers3]])),Gares[[#This Row],[SensDe3]],3-Gares[[#This Row],[SensDe3]])) -> 1 | Y57: =IF(Gares[[#This Row],[SensDe4]]=0,0,IF(ISERROR(FIND("$",Gares[[#This Row],[Vers4]]))*ISERROR(FIND("@",Gares[[#This Row],[Vers4]])),Gares[[#This Row],[SensDe4]],3-Gares[[#This Row],[SensDe4]])) -> 0 | Z57: =IF(Gares[[#This Row],[SensDe5]]=0,0,IF(ISERROR(FIND("$",Gares[[#This Row],[Vers5]]))*ISERROR(FIND("@",Gares[[#This Row],[Vers5]])),Gares[[#This Row],[SensDe5]],3-Gares[[#This Row],[SensDe5]])) -> 0 | AA57: =IF(Gares[[#This Row],[SensDe6]]=0,0,IF(ISERROR(FIND("$",Gares[[#This Row],[Vers6]]))*ISERROR(FIND("@",Gares[[#This Row],[Vers6]])),Gares[[#This Row],[SensDe6]],3-Gares[[#This Row],[SensDe6]])) -> 0
A58: OY | B58: Orly Ville | D58: IP | F58: =COUNTA($J58:$N58) -> 3 | G58: {=SUM(IF(SUBSTITUTE(SUBSTITUTE(SUBSTITUTE(OFFSET($J$3,0,0,ROWS(Gares[Vers1]),Param!$B$2),"&",""),"$",""),"@","")=$I58,1,0))} -> 3 | H58: =IF(F58=G58,1,0) -> 1 | I58: =Gares[[#This Row],[Abv]] -> OY | J58: LSW | K58: PRU | L58: OY-GB$ | P58: =IF(Gares[[#This Row],[Vers1]]="",0,IF(_xlfn.XOR(ISERROR(MATCH(SUBSTITUTE(SUBSTITUTE(SUBSTITUTE(Gares[[#This Row],[Vers1]],"&",""),"$",""),"@",""),$I$2:$I57,0)),NOT(ISERROR(FIND("&",Gares[[#This Row],[Vers1]])))),2,1)) -> 2 | Q58: =IF(Gares[[#This Row],[Vers2]]="",0,IF(_xlfn.XOR(ISERROR(MATCH(SUBSTITUTE(SUBSTITUTE(SUBSTITUTE(Gares[[#This Row],[Vers2]],"&",""),"$",""),"@",""),$I$2:$I57,0)),NOT(ISERROR(FIND("&",Gares[[#This Row],[Vers2]])))),2,1)) -> 1 | R58: =IF(Gares[[#This Row],[Vers3]]="",0,IF(_xlfn.XOR(ISERROR(MATCH(SUBSTITUTE(SUBSTITUTE(SUBSTITUTE(Gares[[#This Row],[Vers3]],"&",""),"$",""),"@",""),$I$2:$I57,0)),NOT(ISERROR(FIND("&",Gares[[#This Row],[Vers3]])))),2,1)) -> 2 | S58: =IF(Gares[[#This Row],[Vers4]]="",0,IF(_xlfn.XOR(ISERROR(MATCH(SUBSTITUTE(SUBSTITUTE(SUBSTITUTE(Gares[[#This Row],[Vers4]],"&",""),"$",""),"@",""),$I$2:$I57,0)),NOT(ISERROR(FIND("&",Gares[[#This Row],[Vers4]])))),2,1)) -> 0 | T58: =IF(Gares[[#This Row],[Vers5]]="",0,IF(_xlfn.XOR(ISERROR(MATCH(SUBSTITUTE(SUBSTITUTE(SUBSTITUTE(Gares[[#This Row],[Vers5]],"&",""),"$",""),"@",""),$I$2:$I57,0)),NOT(ISERROR(FIND("&",Gares[[#This Row],[Vers5]])))),2,1)) -> 0 | U58: =IF(Gares[[#This Row],[Vers6]]="",0,IF(_xlfn.XOR(ISERROR(MATCH(SUBSTITUTE(SUBSTITUTE(SUBSTITUTE(Gares[[#This Row],[Vers6]],"&",""),"$",""),"@",""),$I$2:$I57,0)),NOT(ISERROR(FIND("&",Gares[[#This Row],[Vers6]])))),2,1)) -> 0 | V58: =IF(Gares[[#This Row],[SensDe1]]=0,0,IF(ISERROR(FIND("$",Gares[[#This Row],[Vers1]]))*ISERROR(FIND("@",Gares[[#This Row],[Vers1]])),Gares[[#This Row],[SensDe1]],3-Gares[[#This Row],[SensDe1]])) -> 2 | W58: =IF(Gares[[#This Row],[SensDe2]]=0,0,IF(ISERROR(FIND("$",Gares[[#This Row],[Vers2]]))*ISERROR(FIND("@",Gares[[#This Row],[Vers2]])),Gares[[#This Row],[SensDe2]],3-Gares[[#This Row],[SensDe2]])) -> 1 | X58: =IF(Gares[[#This Row],[SensDe3]]=0,0,IF(ISERROR(FIND("$",Gares[[#This Row],[Vers3]]))*ISERROR(FIND("@",Gares[[#This Row],[Vers3]])),Gares[[#This Row],[SensDe3]],3-Gares[[#This Row],[SensDe3]])) -> 1 | Y58: =IF(Gares[[#This Row],[SensDe4]]=0,0,IF(ISERROR(FIND("$",Gares[[#This Row],[Vers4]]))*ISERROR(FIND("@",Gares[[#This Row],[Vers4]])),Gares[[#This Row],[SensDe4]],3-Gares[[#This Row],[SensDe4]])) -> 0 | Z58: =IF(Gares[[#This Row],[SensDe5]]=0,0,IF(ISERROR(FIND("$",Gares[[#This Row],[Vers5]]))*ISERROR(FIND("@",Gares[[#This Row],[Vers5]])),Gares[[#This Row],[SensDe5]],3-Gares[[#This Row],[SensDe5]])) -> 0 | AA58: =IF(Gares[[#This Row],[SensDe6]]=0,0,IF(ISERROR(FIND("$",Gares[[#This Row],[Vers6]]))*ISERROR(FIND("@",Gares[[#This Row],[Vers6]])),Gares[[#This Row],[SensDe6]],3-Gares[[#This Row],[SensDe6]])) -> 0
A59: OY-GB | B59: Orly Ville - Garages | D59: I | F59: =COUNTA($J59:$N59) -> 2 | G59: {=SUM(IF(SUBSTITUTE(SUBSTITUTE(SUBSTITUTE(OFFSET($J$3,0,0,ROWS(Gares[Vers1]),Param!$B$2),"&",""),"$",""),"@","")=$I59,1,0))} -> 2 | H59: =IF(F59=G59,1,0) -> 1 | I59: =Gares[[#This Row],[Abv]] -> OY-GB | J59: LSW | K59: OY$& | P59: =IF(Gares[[#This Row],[Vers1]]="",0,IF(_xlfn.XOR(ISERROR(MATCH(SUBSTITUTE(SUBSTITUTE(SUBSTITUTE(Gares[[#This Row],[Vers1]],"&",""),"$",""),"@",""),$I$2:$I58,0)),NOT(ISERROR(FIND("&",Gares[[#This Row],[Vers1]])))),2,1)) -> 2 | Q59: =IF(Gares[[#This Row],[Vers2]]="",0,IF(_xlfn.XOR(ISERROR(MATCH(SUBSTITUTE(SUBSTITUTE(SUBSTITUTE(Gares[[#This Row],[Vers2]],"&",""),"$",""),"@",""),$I$2:$I58,0)),NOT(ISERROR(FIND("&",Gares[[#This Row],[Vers2]])))),2,1)) -> 2 | R59: =IF(Gares[[#This Row],[Vers3]]="",0,IF(_xlfn.XOR(ISERROR(MATCH(SUBSTITUTE(SUBSTITUTE(SUBSTITUTE(Gares[[#This Row],[Vers3]],"&",""),"$",""),"@",""),$I$2:$I58,0)),NOT(ISERROR(FIND("&",Gares[[#This Row],[Vers3]])))),2,1)) -> 0 | S59: =IF(Gares[[#This Row],[Vers4]]="",0,IF(_xlfn.XOR(ISERROR(MATCH(SUBSTITUTE(SUBSTITUTE(SUBSTITUTE(Gares[[#This Row],[Vers4]],"&",""),"$",""),"@",""),$I$2:$I58,0)),NOT(ISERROR(FIND("&",Gares[[#This Row],[Vers4]])))),2,1)) -> 0 | T59: =IF(Gares[[#This Row],[Vers5]]="",0,IF(_xlfn.XOR(ISERROR(MATCH(SUBSTITUTE(SUBSTITUTE(SUBSTITUTE(Gares[[#This Row],[Vers5]],"&",""),"$",""),"@",""),$I$2:$I58,0)),NOT(ISERROR(FIND("&",Gares[[#This Row],[Vers5]])))),2,1)) -> 0 | U59: =IF(Gares[[#This Row],[Vers6]]="",0,IF(_xlfn.XOR(ISERROR(MATCH(SUBSTITUTE(SUBSTITUTE(SUBSTITUTE(Gares[[#This Row],[Vers6]],"&",""),"$",""),"@",""),$I$2:$I58,0)),NOT(ISERROR(FIND("&",Gares[[#This Row],[Vers6]])))),2,1)) -> 0 | V59: =IF(Gares[[#This Row],[SensDe1]]=0,0,IF(ISERROR(FIND("$",Gares[[#This Row],[Vers1]]))*ISERROR(FIND("@",Gares[[#This Row],[Vers1]])),Gares[[#This Row],[SensDe1]],3-Gares[[#This Row],[SensDe1]])) -> 2 | W59: =IF(Gares[[#This Row],[SensDe2]]=0,0,IF(ISERROR(FIND("$",Gares[[#This Row],[Vers2]]))*ISERROR(FIND("@",Gares[[#This Row],[Vers2]])),Gares[[#This Row],[SensDe2]],3-Gares[[#This Row],[SensDe2]])) -> 1 | X59: =IF(Gares[[#This Row],[SensDe3]]=0,0,IF(ISERROR(FIND("$",Gares[[#This Row],[Vers3]]))*ISERROR(FIND("@",Gares[[#This Row],[Vers3]])),Gares[[#This Row],[SensDe3]],3-Gares[[#This Row],[SensDe3]])) -> 0 | Y59: =IF(Gares[[#This Row],[SensDe4]]=0,0,IF(ISERROR(FIND("$",Gares[[#This Row],[Vers4]]))*ISERROR(FIND("@",Gares[[#This Row],[Vers4]])),Gares[[#This Row],[SensDe4]],3-Gares[[#This Row],[SensDe4]])) -> 0 | Z59: =IF(Gares[[#This Row],[SensDe5]]=0,0,IF(ISERROR(FIND("$",Gares[[#This Row],[Vers5]]))*ISERROR(FIND("@",Gares[[#This Row],[Vers5]])),Gares[[#This Row],[SensDe5]],3-Gares[[#This Row],[SensDe5]])) -> 0 | AA59: =IF(Gares[[#This Row],[SensDe6]]=0,0,IF(ISERROR(FIND("$",Gares[[#This Row],[Vers6]]))*ISERROR(FIND("@",Gares[[#This Row],[Vers6]])),Gares[[#This Row],[SensDe6]],3-Gares[[#This Row],[SensDe6]])) -> 0
A60: LSW | B60: Les Saules | F60: =COUNTA($J60:$N60) -> 4 | G60: {=SUM(IF(SUBSTITUTE(SUBSTITUTE(SUBSTITUTE(OFFSET($J$3,0,0,ROWS(Gares[Vers1]),Param!$B$2),"&",""),"$",""),"@","")=$I60,1,0))} -> 4 | H60: =IF(F60=G60,1,0) -> 1 | I60: =Gares[[#This Row],[Abv]] -> LSW | J60: =I61 -> CLR | K60: CLR-1T | L60: OY | M60: OY-GB | P60: =IF(Gares[[#This Row],[Vers1]]="",0,IF(_xlfn.XOR(ISERROR(MATCH(SUBSTITUTE(SUBSTITUTE(SUBSTITUTE(Gares[[#This Row],[Vers1]],"&",""),"$",""),"@",""),$I$2:$I59,0)),NOT(ISERROR(FIND("&",Gares[[#This Row],[Vers1]])))),2,1)) -> 2 | Q60: =IF(Gares[[#This Row],[Vers2]]="",0,IF(_xlfn.XOR(ISERROR(MATCH(SUBSTITUTE(SUBSTITUTE(SUBSTITUTE(Gares[[#This Row],[Vers2]],"&",""),"$",""),"@",""),$I$2:$I59,0)),NOT(ISERROR(FIND("&",Gares[[#This Row],[Vers2]])))),2,1)) -> 2 | R60: =IF(Gares[[#This Row],[Vers3]]="",0,IF(_xlfn.XOR(ISERROR(MATCH(SUBSTITUTE(SUBSTITUTE(SUBSTITUTE(Gares[[#This Row],[Vers3]],"&",""),"$",""),"@",""),$I$2:$I59,0)),NOT(ISERROR(FIND("&",Gares[[#This Row],[Vers3]])))),2,1)) -> 1 | S60: =IF(Gares[[#This Row],[Vers4]]="",0,IF(_xlfn.XOR(ISERROR(MATCH(SUBSTITUTE(SUBSTITUTE(SUBSTITUTE(Gares[[#This Row],[Vers4]],"&",""),"$",""),"@",""),$I$2:$I59,0)),NOT(ISERROR(FIND("&",Gares[[#This Row],[Vers4]])))),2,1)) -> 1 | T60: =IF(Gares[[#This Row],[Vers5]]="",0,IF(_xlfn.XOR(ISERROR(MATCH(SUBSTITUTE(SUBSTITUTE(SUBSTITUTE(Gares[[#This Row],[Vers5]],"&",""),"$",""),"@",""),$I$2:$I59,0)),NOT(ISERROR(FIND("&",Gares[[#This Row],[Vers5]])))),2,1)) -> 0 | U60: =IF(Gares[[#This Row],[Vers6]]="",0,IF(_xlfn.XOR(ISERROR(MATCH(SUBSTITUTE(SUBSTITUTE(SUBSTITUTE(Gares[[#This Row],[Vers6]],"&",""),"$",""),"@",""),$I$2:$I59,0)),NOT(ISERROR(FIND("&",Gares[[#This Row],[Vers6]])))),2,1)) -> 0 | V60: =IF(Gares[[#This Row],[SensDe1]]=0,0,IF(ISERROR(FIND("$",Gares[[#This Row],[Vers1]]))*ISERROR(FIND("@",Gares[[#This Row],[Vers1]])),Gares[[#This Row],[SensDe1]],3-Gares[[#This Row],[SensDe1]])) -> 2 | W60: =IF(Gares[[#This Row],[SensDe2]]=0,0,IF(ISERROR(FIND("$",Gares[[#This Row],[Vers2]]))*ISERROR(FIND("@",Gares[[#This Row],[Vers2]])),Gares[[#This Row],[SensDe2]],3-Gares[[#This Row],[SensDe2]])) -> 2 | X60: =IF(Gares[[#This Row],[SensDe3]]=0,0,IF(ISERROR(FIND("$",Gares[[#This Row],[Vers3]]))*ISERROR(FIND("@",Gares[[#This Row],[Vers3]])),Gares[[#This Row],[SensDe3]],3-Gares[[#This Row],[SensDe3]])) -> 1 | Y60: =IF(Gares[[#This Row],[SensDe4]]=0,0,IF(ISERROR(FIND("$",Gares[[#This Row],[Vers4]]))*ISERROR(FIND("@",Gares[[#This Row],[Vers4]])),Gares[[#This Row],[SensDe4]],3-Gares[[#This Row],[SensDe4]])) -> 1 | Z60: =IF(Gares[[#This Row],[SensDe5]]=0,0,IF(ISERROR(FIND("$",Gares[[#This Row],[Vers5]]))*ISERROR(FIND("@",Gares[[#This Row],[Vers5]])),Gares[[#This Row],[SensDe5]],3-Gares[[#This Row],[SensDe5]])) -> 0 | AA60: =IF(Gares[[#This Row],[SensDe6]]=0,0,IF(ISERROR(FIND("$",Gares[[#This Row],[Vers6]]))*ISERROR(FIND("@",Gares[[#This Row],[Vers6]])),Gares[[#This Row],[SensDe6]],3-Gares[[#This Row],[SensDe6]])) -> 0
A61: CLR | B61: Choisy Le Roi | C61: CLR-1T | F61: =COUNTA($J61:$N61) -> 3 | G61: {=SUM(IF(SUBSTITUTE(SUBSTITUTE(SUBSTITUTE(OFFSET($J$3,0,0,ROWS(Gares[Vers1]),Param!$B$2),"&",""),"$",""),"@","")=$I61,1,0))} -> 4 | H61: =IF(F61=G61,1,0) -> 0 | I61: =Gares[[#This Row],[Abv]] -> CLR | J61: LAD | K61: LSW | L61: VRI | P61: =IF(Gares[[#This Row],[Vers1]]="",0,IF(_xlfn.XOR(ISERROR(MATCH(SUBSTITUTE(SUBSTITUTE(SUBSTITUTE(Gares[[#This Row],[Vers1]],"&",""),"$",""),"@",""),$I$2:$I60,0)),NOT(ISERROR(FIND("&",Gares[[#This Row],[Vers1]])))),2,1)) -> 2 | Q61: =IF(Gares[[#This Row],[Vers2]]="",0,IF(_xlfn.XOR(ISERROR(MATCH(SUBSTITUTE(SUBSTITUTE(SUBSTITUTE(Gares[[#This Row],[Vers2]],"&",""),"$",""),"@",""),$I$2:$I60,0)),NOT(ISERROR(FIND("&",Gares[[#This Row],[Vers2]])))),2,1)) -> 1 | R61: =IF(Gares[[#This Row],[Vers3]]="",0,IF(_xlfn.XOR(ISERROR(MATCH(SUBSTITUTE(SUBSTITUTE(SUBSTITUTE(Gares[[#This Row],[Vers3]],"&",""),"$",""),"@",""),$I$2:$I60,0)),NOT(ISERROR(FIND("&",Gares[[#This Row],[Vers3]])))),2,1)) -> 1 | S61: =IF(Gares[[#This Row],[Vers4]]="",0,IF(_xlfn.XOR(ISERROR(MATCH(SUBSTITUTE(SUBSTITUTE(SUBSTITUTE(Gares[[#This Row],[Vers4]],"&",""),"$",""),"@",""),$I$2:$I60,0)),NOT(ISERROR(FIND("&",Gares[[#This Row],[Vers4]])))),2,1)) -> 0 | T61: =IF(Gares[[#This Row],[Vers5]]="",0,IF(_xlfn.XOR(ISERROR(MATCH(SUBSTITUTE(SUBSTITUTE(SUBSTITUTE(Gares[[#This Row],[Vers5]],"&",""),"$",""),"@",""),$I$2:$I60,0)),NOT(ISERROR(FIND("&",Gares[[#This Row],[Vers5]])))),2,1)) -> 0 | U61: =IF(Gares[[#This Row],[Vers6]]="",0,IF(_xlfn.XOR(ISERROR(MATCH(SUBSTITUTE(SUBSTITUTE(SUBSTITUTE(Gares[[#This Row],[Vers6]],"&",""),"$",""),"@",""),$I$2:$I60,0)),NOT(ISERROR(FIND("&",Gares[[#This Row],[Vers6]])))),2,1)) -> 0 | V61: =IF(Gares[[#This Row],[SensDe1]]=0,0,IF(ISERROR(FIND("$",Gares[[#This Row],[Vers1]]))*ISERROR(FIND("@",Gares[[#This Row],[Vers1]])),Gares[[#This Row],[SensDe1]],3-Gares[[#This Row],[SensDe1]])) -> 2 | W61: =IF(Gares[[#This Row],[SensDe2]]=0,0,IF(ISERROR(FIND("$",Gares[[#This Row],[Vers2]]))*ISERROR(FIND("@",Gares[[#This Row],[Vers2]])),Gares[[#This Row],[SensDe2]],3-Gares[[#This Row],[SensDe2]])) -> 1 | X61: =IF(Gares[[#This Row],[SensDe3]]=0,0,IF(ISERROR(FIND("$",Gares[[#This Row],[Vers3]]))*ISERROR(FIND("@",Gares[[#This Row],[Vers3]])),Gares[[#This Row],[SensDe3]],3-Gares[[#This Row],[SensDe3]])) -> 1 | Y61: =IF(Gares[[#This Row],[SensDe4]]=0,0,IF(ISERROR(FIND("$",Gares[[#This Row],[Vers4]]))*ISERROR(FIND("@",Gares[[#This Row],[Vers4]])),Gares[[#This Row],[SensDe4]],3-Gares[[#This Row],[SensDe4]])) -> 0 | Z61: =IF(Gares[[#This Row],[SensDe5]]=0,0,IF(ISERROR(FIND("$",Gares[[#This Row],[Vers5]]))*ISERROR(FIND("@",Gares[[#This Row],[Vers5]])),Gares[[#This Row],[SensDe5]],3-Gares[[#This Row],[SensDe5]])) -> 0 | AA61: =IF(Gares[[#This Row],[SensDe6]]=0,0,IF(ISERROR(FIND("$",Gares[[#This Row],[Vers6]]))*ISERROR(FIND("@",Gares[[#This Row],[Vers6]])),Gares[[#This Row],[SensDe6]],3-Gares[[#This Row],[SensDe6]])) -> 0
A62: CLR-1T | B62: Choisy Le Roi - Voie 1ter | F62: =COUNTA($J62:$N62) -> 3 | G62: {=SUM(IF(SUBSTITUTE(SUBSTITUTE(SUBSTITUTE(OFFSET($J$3,0,0,ROWS(Gares[Vers1]),Param!$B$2),"&",""),"$",""),"@","")=$I62,1,0))} -> 4 | H62: =IF(F62=G62,1,0) -> 0 | I62: =Gares[[#This Row],[Abv]] -> CLR-1T | J62: VY-RB | K62: LSW | L62: ATH-EV | P62: =IF(Gares[[#This Row],[Vers1]]="",0,IF(_xlfn.XOR(ISERROR(MATCH(SUBSTITUTE(SUBSTITUTE(SUBSTITUTE(Gares[[#This Row],[Vers1]],"&",""),"$",""),"@",""),$I$2:$I61,0)),NOT(ISERROR(FIND("&",Gares[[#This Row],[Vers1]])))),2,1)) -> 2 | Q62: =IF(Gares[[#This Row],[Vers2]]="",0,IF(_xlfn.XOR(ISERROR(MATCH(SUBSTITUTE(SUBSTITUTE(SUBSTITUTE(Gares[[#This Row],[Vers2]],"&",""),"$",""),"@",""),$I$2:$I61,0)),NOT(ISERROR(FIND("&",Gares[[#This Row],[Vers2]])))),2,1)) -> 1 | R62: =IF(Gares[[#This Row],[Vers3]]="",0,IF(_xlfn.XOR(ISERROR(MATCH(SUBSTITUTE(SUBSTITUTE(SUBSTITUTE(Gares[[#This Row],[Vers3]],"&",""),"$",""),"@",""),$I$2:$I61,0)),NOT(ISERROR(FIND("&",Gares[[#This Row],[Vers3]])))),2,1)) -> 1 | S62: =IF(Gares[[#This Row],[Vers4]]="",0,IF(_xlfn.XOR(ISERROR(MATCH(SUBSTITUTE(SUBSTITUTE(SUBSTITUTE(Gares[[#This Row],[Vers4]],"&",""),"$",""),"@",""),$I$2:$I61,0)),NOT(ISERROR(FIND("&",Gares[[#This Row],[Vers4]])))),2,1)) -> 0 | T62: =IF(Gares[[#This Row],[Vers5]]="",0,IF(_xlfn.XOR(ISERROR(MATCH(SUBSTITUTE(SUBSTITUTE(SUBSTITUTE(Gares[[#This Row],[Vers5]],"&",""),"$",""),"@",""),$I$2:$I61,0)),NOT(ISERROR(FIND("&",Gares[[#This Row],[Vers5]])))),2,1)) -> 0 | U62: =IF(Gares[[#This Row],[Vers6]]="",0,IF(_xlfn.XOR(ISERROR(MATCH(SUBSTITUTE(SUBSTITUTE(SUBSTITUTE(Gares[[#This Row],[Vers6]],"&",""),"$",""),"@",""),$I$2:$I61,0)),NOT(ISERROR(FIND("&",Gares[[#This Row],[Vers6]])))),2,1)) -> 0 | V62: =IF(Gares[[#This Row],[SensDe1]]=0,0,IF(ISERROR(FIND("$",Gares[[#This Row],[Vers1]]))*ISERROR(FIND("@",Gares[[#This Row],[Vers1]])),Gares[[#This Row],[SensDe1]],3-Gares[[#This Row],[SensDe1]])) -> 2 | W62: =IF(Gares[[#This Row],[SensDe2]]=0,0,IF(ISERROR(FIND("$",Gares[[#This Row],[Vers2]]))*ISERROR(FIND("@",Gares[[#This Row],[Vers2]])),Gares[[#This Row],[SensDe2]],3-Gares[[#This Row],[SensDe2]])) -> 1 | X62: =IF(Gares[[#This Row],[SensDe3]]=0,0,IF(ISERROR(FIND("$",Gares[[#This Row],[Vers3]]))*ISERROR(FIND("@",Gares[[#This Row],[Vers3]])),Gares[[#This Row],[SensDe3]],3-Gares[[#This Row],[SensDe3]])) -> 1 | Y62: =IF(Gares[[#This Row],[SensDe4]]=0,0,IF(ISERROR(FIND("$",Gares[[#This Row],[Vers4]]))*ISERROR(FIND("@",Gares[[#This Row],[Vers4]])),Gares[[#This Row],[SensDe4]],3-Gares[[#This Row],[SensDe4]])) -> 0 | Z62: =IF(Gares[[#This Row],[SensDe5]]=0,0,IF(ISERROR(FIND("$",Gares[[#This Row],[Vers5]]))*ISERROR(FIND("@",Gares[[#This Row],[Vers5]])),Gares[[#This Row],[SensDe5]],3-Gares[[#This Row],[SensDe5]])) -> 0 | AA62: =IF(Gares[[#This Row],[SensDe6]]=0,0,IF(ISERROR(FIND("$",Gares[[#This Row],[Vers6]]))*ISERROR(FIND("@",Gares[[#This Row],[Vers6]])),Gares[[#This Row],[SensDe6]],3-Gares[[#This Row],[SensDe6]])) -> 0
A63: LAD | B63: Les Ardoines | F63: =COUNTA($J63:$N63) -> 3 | G63: {=SUM(IF(SUBSTITUTE(SUBSTITUTE(SUBSTITUTE(OFFSET($J$3,0,0,ROWS(Gares[Vers1]),Param!$B$2),"&",""),"$",""),"@","")=$I63,1,0))} -> 2 | H63: =IF(F63=G63,1,0) -> 0 | I63: =Gares[[#This Row],[Abv]] -> LAD | J63: VY | K63: =I62 -> CLR-1T | L63: CLR | P63: =IF(Gares[[#This Row],[Vers1]]="",0,IF(_xlfn.XOR(ISERROR(MATCH(SUBSTITUTE(SUBSTITUTE(SUBSTITUTE(Gares[[#This Row],[Vers1]],"&",""),"$",""),"@",""),$I$2:$I62,0)),NOT(ISERROR(FIND("&",Gares[[#This Row],[Vers1]])))),2,1)) -> 2 | Q63: =IF(Gares[[#This Row],[Vers2]]="",0,IF(_xlfn.XOR(ISERROR(MATCH(SUBSTITUTE(SUBSTITUTE(SUBSTITUTE(Gares[[#This Row],[Vers2]],"&",""),"$",""),"@",""),$I$2:$I62,0)),NOT(ISERROR(FIND("&",Gares[[#This Row],[Vers2]])))),2,1)) -> 1 | R63: =IF(Gares[[#This Row],[Vers3]]="",0,IF(_xlfn.XOR(ISERROR(MATCH(SUBSTITUTE(SUBSTITUTE(SUBSTITUTE(Gares[[#This Row],[Vers3]],"&",""),"$",""),"@",""),$I$2:$I62,0)),NOT(ISERROR(FIND("&",Gares[[#This Row],[Vers3]])))),2,1)) -> 1 | S63: =IF(Gares[[#This Row],[Vers4]]="",0,IF(_xlfn.XOR(ISERROR(MATCH(SUBSTITUTE(SUBSTITUTE(SUBSTITUTE(Gares[[#This Row],[Vers4]],"&",""),"$",""),"@",""),$I$2:$I62,0)),NOT(ISERROR(FIND("&",Gares[[#This Row],[Vers4]])))),2,1)) -> 0 | T63: =IF(Gares[[#This Row],[Vers5]]="",0,IF(_xlfn.XOR(ISERROR(MATCH(SUBSTITUTE(SUBSTITUTE(SUBSTITUTE(Gares[[#This Row],[Vers5]],"&",""),"$",""),"@",""),$I$2:$I62,0)),NOT(ISERROR(FIND("&",Gares[[#This Row],[Vers5]])))),2,1)) -> 0 | U63: =IF(Gares[[#This Row],[Vers6]]="",0,IF(_xlfn.XOR(ISERROR(MATCH(SUBSTITUTE(SUBSTITUTE(SUBSTITUTE(Gares[[#This Row],[Vers6]],"&",""),"$",""),"@",""),$I$2:$I62,0)),NOT(ISERROR(FIND("&",Gares[[#This Row],[Vers6]])))),2,1)) -> 0 | V63: =IF(Gares[[#This Row],[SensDe1]]=0,0,IF(ISERROR(FIND("$",Gares[[#This Row],[Vers1]]))*ISERROR(FIND("@",Gares[[#This Row],[Vers1]])),Gares[[#This Row],[SensDe1]],3-Gares[[#This Row],[SensDe1]])) -> 2 | W63: =IF(Gares[[#This Row],[SensDe2]]=0,0,IF(ISERROR(FIND("$",Gares[[#This Row],[Vers2]]))*ISERROR(FIND("@",Gares[[#This Row],[Vers2]])),Gares[[#This Row],[SensDe2]],3-Gares[[#This Row],[SensDe2]])) -> 1 | X63: =IF(Gares[[#This Row],[SensDe3]]=0,0,IF(ISERROR(FIND("$",Gares[[#This Row],[Vers3]]))*ISERROR(FIND("@",Gares[[#This Row],[Vers3]])),Gares[[#This Row],[SensDe3]],3-Gares[[#This Row],[SensDe3]])) -> 1 | Y63: =IF(Gares[[#This Row],[SensDe4]]=0,0,IF(ISERROR(FIND("$",Gares[[#This Row],[Vers4]]))*ISERROR(FIND("@",Gares[[#This Row],[Vers4]])),Gares[[#This Row],[SensDe4]],3-Gares[[#This Row],[SensDe4]])) -> 0 | Z63: =IF(Gares[[#This Row],[SensDe5]]=0,0,IF(ISERROR(FIND("$",Gares[[#This Row],[Vers5]]))*ISERROR(FIND("@",Gares[[#This Row],[Vers5]])),Gares[[#This Row],[SensDe5]],3-Gares[[#This Row],[SensDe5]])) -> 0 | AA63: =IF(Gares[[#This Row],[SensDe6]]=0,0,IF(ISERROR(FIND("$",Gares[[#This Row],[Vers6]]))*ISERROR(FIND("@",Gares[[#This Row],[Vers6]])),Gares[[#This Row],[SensDe6]],3-Gares[[#This Row],[SensDe6]])) -> 0
A64: VY-RB | B64: Les Ardoines - Garages | D64: IP | F64: =COUNTA($J64:$N64) -> 3 | G64: {=SUM(IF(SUBSTITUTE(SUBSTITUTE(SUBSTITUTE(OFFSET($J$3,0,0,ROWS(Gares[Vers1]),Param!$B$2),"&",""),"$",""),"@","")=$I64,1,0))} -> 2 | H64: =IF(F64=G64,1,0) -> 0 | I64: =Gares[[#This Row],[Abv]] -> VY-RB | J64: =I65 -> VY | K64: CLR-1T | L64: CLR | P64: =IF(Gares[[#This Row],[Vers1]]="",0,IF(_xlfn.XOR(ISERROR(MATCH(SUBSTITUTE(SUBSTITUTE(SUBSTITUTE(Gares[[#This Row],[Vers1]],"&",""),"$",""),"@",""),$I$2:$I63,0)),NOT(ISERROR(FIND("&",Gares[[#This Row],[Vers1]])))),2,1)) -> 2 | Q64: =IF(Gares[[#This Row],[Vers2]]="",0,IF(_xlfn.XOR(ISERROR(MATCH(SUBSTITUTE(SUBSTITUTE(SUBSTITUTE(Gares[[#This Row],[Vers2]],"&",""),"$",""),"@",""),$I$2:$I63,0)),NOT(ISERROR(FIND("&",Gares[[#This Row],[Vers2]])))),2,1)) -> 1 | R64: =IF(Gares[[#This Row],[Vers3]]="",0,IF(_xlfn.XOR(ISERROR(MATCH(SUBSTITUTE(SUBSTITUTE(SUBSTITUTE(Gares[[#This Row],[Vers3]],"&",""),"$",""),"@",""),$I$2:$I63,0)),NOT(ISERROR(FIND("&",Gares[[#This Row],[Vers3]])))),2,1)) -> 1 | S64: =IF(Gares[[#This Row],[Vers4]]="",0,IF(_xlfn.XOR(ISERROR(MATCH(SUBSTITUTE(SUBSTITUTE(SUBSTITUTE(Gares[[#This Row],[Vers4]],"&",""),"$",""),"@",""),$I$2:$I63,0)),NOT(ISERROR(FIND("&",Gares[[#This Row],[Vers4]])))),2,1)) -> 0 | T64: =IF(Gares[[#This Row],[Vers5]]="",0,IF(_xlfn.XOR(ISERROR(MATCH(SUBSTITUTE(SUBSTITUTE(SUBSTITUTE(Gares[[#This Row],[Vers5]],"&",""),"$",""),"@",""),$I$2:$I63,0)),NOT(ISERROR(FIND("&",Gares[[#This Row],[Vers5]])))),2,1)) -> 0 | U64: =IF(Gares[[#This Row],[Vers6]]="",0,IF(_xlfn.XOR(ISERROR(MATCH(SUBSTITUTE(SUBSTITUTE(SUBSTITUTE(Gares[[#This Row],[Vers6]],"&",""),"$",""),"@",""),$I$2:$I63,0)),NOT(ISERROR(FIND("&",Gares[[#This Row],[Vers6]])))),2,1)) -> 0 | V64: =IF(Gares[[#This Row],[SensDe1]]=0,0,IF(ISERROR(FIND("$",Gares[[#This Row],[Vers1]]))*ISERROR(FIND("@",Gares[[#This Row],[Vers1]])),Gares[[#This Row],[SensDe1]],3-Gares[[#This Row],[SensDe1]])) -> 2 | W64: =IF(Gares[[#This Row],[SensDe2]]=0,0,IF(ISERROR(FIND("$",Gares[[#This Row],[Vers2]]))*ISERROR(FIND("@",Gares[[#This Row],[Vers2]])),Gares[[#This Row],[SensDe2]],3-Gares[[#This Row],[SensDe2]])) -> 1 | X64: =IF(Gares[[#This Row],[SensDe3]]=0,0,IF(ISERROR(FIND("$",Gares[[#This Row],[Vers3]]))*ISERROR(FIND("@",Gares[[#This Row],[Vers3]])),Gares[[#This Row],[SensDe3]],3-Gares[[#This Row],[SensDe3]])) -> 1 | Y64: =IF(Gares[[#This Row],[SensDe4]]=0,0,IF(ISERROR(FIND("$",Gares[[#This Row],[Vers4]]))*ISERROR(FIND("@",Gares[[#This Row],[Vers4]])),Gares[[#This Row],[SensDe4]],3-Gares[[#This Row],[SensDe4]])) -> 0 | Z64: =IF(Gares[[#This Row],[SensDe5]]=0,0,IF(ISERROR(FIND("$",Gares[[#This Row],[Vers5]]))*ISERROR(FIND("@",Gares[[#This Row],[Vers5]])),Gares[[#This Row],[SensDe5]],3-Gares[[#This Row],[SensDe5]])) -> 0 | AA64: =IF(Gares[[#This Row],[SensDe6]]=0,0,IF(ISERROR(FIND("$",Gares[[#This Row],[Vers6]]))*ISERROR(FIND("@",Gares[[#This Row],[Vers6]])),Gares[[#This Row],[SensDe6]],3-Gares[[#This Row],[SensDe6]])) -> 0
A65: VY | B65: Vitry-sur-Seine | F65: =COUNTA($J65:$N65) -> 3 | G65: {=SUM(IF(SUBSTITUTE(SUBSTITUTE(SUBSTITUTE(OFFSET($J$3,0,0,ROWS(Gares[Vers1]),Param!$B$2),"&",""),"$",""),"@","")=$I65,1,0))} -> 3 | H65: =IF(F65=G65,1,0) -> 1 | I65: =Gares[[#This Row],[Abv]] -> VY | J65: =I66 -> IV | K65: LAD | L65: VY-RB | P65: =IF(Gares[[#This Row],[Vers1]]="",0,IF(_xlfn.XOR(ISERROR(MATCH(SUBSTITUTE(SUBSTITUTE(SUBSTITUTE(Gares[[#This Row],[Vers1]],"&",""),"$",""),"@",""),$I$2:$I64,0)),NOT(ISERROR(FIND("&",Gares[[#This Row],[Vers1]])))),2,1)) -> 2 | Q65: =IF(Gares[[#This Row],[Vers2]]="",0,IF(_xlfn.XOR(ISERROR(MATCH(SUBSTITUTE(SUBSTITUTE(SUBSTITUTE(Gares[[#This Row],[Vers2]],"&",""),"$",""),"@",""),$I$2:$I64,0)),NOT(ISERROR(FIND("&",Gares[[#This Row],[Vers2]])))),2,1)) -> 1 | R65: =IF(Gares[[#This Row],[Vers3]]="",0,IF(_xlfn.XOR(ISERROR(MATCH(SUBSTITUTE(SUBSTITUTE(SUBSTITUTE(Gares[[#This Row],[Vers3]],"&",""),"$",""),"@",""),$I$2:$I64,0)),NOT(ISERROR(FIND("&",Gares[[#This Row],[Vers3]])))),2,1)) -> 1 | S65: =IF(Gares[[#This Row],[Vers4]]="",0,IF(_xlfn.XOR(ISERROR(MATCH(SUBSTITUTE(SUBSTITUTE(SUBSTITUTE(Gares[[#This Row],[Vers4]],"&",""),"$",""),"@",""),$I$2:$I64,0)),NOT(ISERROR(FIND("&",Gares[[#This Row],[Vers4]])))),2,1)) -> 0 | T65: =IF(Gares[[#This Row],[Vers5]]="",0,IF(_xlfn.XOR(ISERROR(MATCH(SUBSTITUTE(SUBSTITUTE(SUBSTITUTE(Gares[[#This Row],[Vers5]],"&",""),"$",""),"@",""),$I$2:$I64,0)),NOT(ISERROR(FIND("&",Gares[[#This Row],[Vers5]])))),2,1)) -> 0 | U65: =IF(Gares[[#This Row],[Vers6]]="",0,IF(_xlfn.XOR(ISERROR(MATCH(SUBSTITUTE(SUBSTITUTE(SUBSTITUTE(Gares[[#This Row],[Vers6]],"&",""),"$",""),"@",""),$I$2:$I64,0)),NOT(ISERROR(FIND("&",Gares[[#This Row],[Vers6]])))),2,1)) -> 0 | V65: =IF(Gares[[#This Row],[SensDe1]]=0,0,IF(ISERROR(FIND("$",Gares[[#This Row],[Vers1]]))*ISERROR(FIND("@",Gares[[#This Row],[Vers1]])),Gares[[#This Row],[SensDe1]],3-Gares[[#This Row],[SensDe1]])) -> 2 | W65: =IF(Gares[[#This Row],[SensDe2]]=0,0,IF(ISERROR(FIND("$",Gares[[#This Row],[Vers2]]))*ISERROR(FIND("@",Gares[[#This Row],[Vers2]])),Gares[[#This Row],[SensDe2]],3-Gares[[#This Row],[SensDe2]])) -> 1 | X65: =IF(Gares[[#This Row],[SensDe3]]=0,0,IF(ISERROR(FIND("$",Gares[[#This Row],[Vers3]]))*ISERROR(FIND("@",Gares[[#This Row],[Vers3]])),Gares[[#This Row],[SensDe3]],3-Gares[[#This Row],[SensDe3]])) -> 1 | Y65: =IF(Gares[[#This Row],[SensDe4]]=0,0,IF(ISERROR(FIND("$",Gares[[#This Row],[Vers4]]))*ISERROR(FIND("@",Gares[[#This Row],[Vers4]])),Gares[[#This Row],[SensDe4]],3-Gares[[#This Row],[SensDe4]])) -> 0 | Z65: =IF(Gares[[#This Row],[SensDe5]]=0,0,IF(ISERROR(FIND("$",Gares[[#This Row],[Vers5]]))*ISERROR(FIND("@",Gares[[#This Row],[Vers5]])),Gares[[#This Row],[SensDe5]],3-Gares[[#This Row],[SensDe5]])) -> 0 | AA65: =IF(Gares[[#This Row],[SensDe6]]=0,0,IF(ISERROR(FIND("$",Gares[[#This Row],[Vers6]]))*ISERROR(FIND("@",Gares[[#This Row],[Vers6]])),Gares[[#This Row],[SensDe6]],3-Gares[[#This Row],[SensDe6]])) -> 0
